date,strep,signs of flu,flu fever,flu how long,how long flu,expectorant,flu symptoms,cold,influenza symptoms,symptoms of pneumonia,stomach flu,flu shot,chest cold,sinus,the flu
2/15/2009,1051.049959,0,63.39088152,159.6417699,159.6417699,126.8195519,477.1238795,6689.91845,63.39088152,253.6391039,223.1397114,381.7007328,0,1210.655606,700.3105377
2/22/2009,1147.053378,0,120.7086135,120.5613148,120.5613148,59.80806187,542.5889984,7236.721092,60.99547737,121.6968234,362.5536723,90.32165008,60.77514452,1541.120521,451.5172227
3/1/2009,958.801915,0,60.75887158,0,0,0,508.4626289,6052.756325,59.90334958,89.92514836,239.4808032,60.57608316,0,1168.290221,358.9953928
3/8/2009,957.6878925,0,0,61.24025624,61.24025624,62.36734591,154.453935,6914.431692,0,62.32975257,92.5765437,92.39168686,62.25470169,1175.583501,186.539494
3/15/2009,878.4628259,0,0,124.6570898,124.6570898,124.3598449,249.3516957,6251.662151,0,125.721659,124.6943453,62.23557272,62.29132271,1221.00689,218.5325738
3/22/2009,1198.172337,61.70419313,61.70419313,0,0,122.2210789,400.1650749,6538.526377,0,91.88562928,183.8247399,0,122.4400477,1166.18338,214.513251
3/29/2009,1006.617053,0,59.74673022,0,0,0,296.0662333,6749.638185,0,59.21304454,59.7106948,0,59.60284887,1273.508542,118.5659386
4/5/2009,882.7256134,0,60.92074264,61.08455701,61.08455701,121.8933036,182.2524097,6261.15703,60.71189054,91.29431669,122.205626,60.45618462,0,1126.011135,121.4083282
4/12/2009,1053.303708,61.84862102,61.84862102,62.01493043,62.01493043,62.00100733,185.7473602,5761.68739,0,0,123.7550445,0,61.93324843,1300.837179,246.9912595
4/19/2009,759.7664127,63.07346062,94.71497318,0,0,63.09226046,379.8536514,5793.01668,0,0,158.5198548,63.14872728,63.20529527,950.9419132,189.5963355
4/26/2009,498.3509988,155.7210683,248.8403272,373.7025216,373.7025216,62.34921383,13054.90141,6406.117901,62.03209965,124.1011782,62.28357958,310.5033226,62.16175767,966.9683786,7266.537193
5/3/2009,977.9170642,60.96905708,91.64554217,122.3757217,122.3757217,60.60278191,4452.989817,5706.226961,61.00612836,61.27943131,182.5735114,121.8258357,60.95849915,1005.738716,2282.714959
5/10/2009,948.3309419,63.15911254,221.6534492,63.55392468,63.55392468,0,1960.731127,5651.277106,62.74533505,126.9929236,317.6737942,62.82021015,62.87648385,1043.002598,883.3922743
5/17/2009,1230.129183,97.16923002,129.2876051,97.23597235,97.23597235,0,3555.301745,5847.903813,64.68310819,65.13267756,129.4403513,64.58427969,0,1131.019859,872.2529716
5/24/2009,744.0233491,66.64236507,135.3267073,200.4646942,200.4646942,100.9636283,2492.580734,6004.073505,136.7029677,67.42006461,101.1439678,0,0,1346.990995,403.424338
5/31/2009,794.5985742,0,159.3867911,63.4109742,63.4109742,0,2222.375699,5779.457052,63.86457501,0,63.58978984,127.1911813,0,731.2077247,634.1241006
6/7/2009,810.5108981,0,62.28108169,125.009188,125.009188,0,2331.385165,5014.198186,61.89082602,61.90927336,62.07579561,62.4827713,0,872.9409203,746.7015593
6/14/2009,566.5091067,125.5514848,187.6813006,251.7781793,251.7781793,62.7944535,2131.746473,5745.278881,0,125.2425362,62.89838646,125.3658111,62.7206436,1035.963356,407.7357244
6/21/2009,816.7086943,0,62.12413741,282.5915284,282.5915284,0,1443.861617,4640.95442,63.47200647,63.31896968,63.35715965,0,62.25398781,971.7088006,313.1590356
6/28/2009,791.2603411,0,0,69.1190011,69.1190011,0,998.5327967,4131.886988,0,69.05650652,103.2478881,137.2976952,0,861.550413,481.6569401
7/5/2009,639.6285161,0,0,66.89269652,66.89269652,66.73319084,843.4397471,4620.729925,0,0,0,67.87838702,0,740.3581155,168.4140976
7/12/2009,361.8354285,0,196.9876019,65.8390989,65.8390989,65.91862638,791.5567035,5900.885957,0,0,66.00676136,0,131.5995605,692.6560375,460.9379378
7/19/2009,352.1853919,0,0,64.10629653,64.10629653,64.5856623,576.3860317,4670.631395,63.4397996,0,96.30351594,63.51550342,0,672.7112248,383.9621687
7/26/2009,591.3006422,65.95432125,65.27922277,65.6948677,65.6948677,0,983.4261951,6036.833865,0,65.29868007,131.8290836,65.3571216,65.79549085,789.6079252,294.78869
8/2/2009,430.5850972,0,66.12156726,132.3179769,132.3179769,0,527.7891406,5780.221882,0,132.0024646,0,66.06030262,65.96233411,725.9938285,329.3422452
8/9/2009,515.928552,0,64.52495945,64.69846546,64.69846546,64.54419193,1034.630013,5724.0778,64.52495945,64.54419193,0,129.2039164,64.61117308,1131.844422,517.0432681
8/16/2009,458.2080676,0,0,65.80006934,65.80006934,0,915.4531183,6643.519687,0,0,131.2880763,98.17562431,65.15439486,1012.140192,358.9846084
8/23/2009,346.89634,124.4230798,63.79865704,63.77941159,63.77941159,0,1102.184059,5826.929258,0,0,124.794936,219.6373493,62.341573,725.2828566,660.569922
8/30/2009,535.9092274,191.37408,62.94391083,157.3947789,157.3947789,0,1951.844108,5695.400048,62.10836296,63.71445662,127.5057702,880.403345,0,566.2853355,691.2918668
9/6/2009,501.2176133,124.6484467,62.73519307,188.386653,188.386653,62.6973552,2497.5132,6850.288085,62.811006,62.32428121,62.59493147,1092.456265,62.51023958,811.8891778,1123.031016
9/13/2009,468.4242634,176.8132348,145.8922294,290.4068161,290.4068161,57.94286817,2742.593358,6051.454262,57.92560272,57.94286817,0,1957.21009,58.79581177,963.1613573,1312.965027
9/20/2009,797.0382304,58.93918314,118.2494976,147.3807328,147.3807328,117.539217,2620.050716,6809.133098,0,177.1614693,59.08944061,2354.655607,0,738.1959081,1206.89085
9/27/2009,718.348388,86.26913069,229.2077701,200.9728968,200.9728968,57.8550736,3556.367458,7059.577087,57.95994685,173.4606004,114.9201921,3152.947977,85.95740373,1292.225697,1605.019706
10/4/2009,917.8349263,56.66191707,144.0297775,172.1130914,172.1130914,58.10283342,2813.090175,6514.774108,56.66191707,0,57.46287517,3412.463206,171.6908635,1290.221775,1634.540944
10/11/2009,538.4561608,59.3429078,179.4980804,329.6133935,329.6133935,0,3380.581702,7631.674249,89.59704173,120.5032494,357.1215754,3852.270587,60.17907608,1107.412292,1763.023129
10/18/2009,758.8939703,168.4130451,84.15051631,225.6803932,225.6803932,56.31704559,4973.551956,7420.460151,0,56.31704559,84.55387334,4772.274647,0,843.5249965,2947.964405
10/25/2009,781.913737,196.1413381,392.9865326,671.737688,671.737688,55.88087212,8436.135506,6901.738427,110.8942088,112.5310839,83.80739126,3853.765242,112.3955859,1341.411379,3349.491436
11/1/2009,806.4243915,269.3245594,431.1899568,699.3117279,699.3117279,53.72123281,7782.221912,6422.954573,106.9357777,161.710401,134.603768,3356.019871,0,1343.315083,3194.569087
11/8/2009,1108.768404,105.9571444,370.3511787,422.9987133,422.9987133,52.80409094,6046.570077,7159.498003,105.6888166,53.21200575,105.9874857,3668.292063,106.295867,1451.976186,2375.291122
11/15/2009,943.2751223,145.1444107,314.9365328,363.4070765,363.4070765,95.54510336,3165.707087,6790.982807,47.75831671,145.0778655,145.5340173,1763.993535,0,1135.994978,1668.531326
11/22/2009,792.7298147,163.6728537,163.6728537,246.4484914,246.4484914,0,2078.521045,6668.486063,0,81.81945752,109.7204187,1256.077625,0,1120.623597,956.9788436
11/29/2009,1231.29112,93.67691407,118.011952,165.4700281,165.4700281,94.75287969,1564.061126,7439.776619,46.83845703,71.17442166,93.95688094,947.2005398,47.81949241,1113.13843,874.6995992
12/6/2009,990.3480708,0,47.13132214,47.18713704,47.18713704,94.77044113,919.60621,8582.736136,0,117.6436786,94.3740104,564.660108,118.0939884,871.7635669,564.1513872
12/13/2009,1108.780277,0,122.8219152,123.4772638,123.4772638,122.813914,885.029949,8830.611382,49.21207465,73.88855614,172.2600228,466.1600763,0,1255.767982,490.9232655
12/20/2009,755.9825008,0,156.4947723,62.90971992,62.90971992,63.27689427,1004.173277,8136.956158,0,0,62.90954416,471.4891173,62.8244266,1257.455532,220.0212507
12/27/2009,680.461691,0,124.0358549,0,0,62.46154066,897.2936995,8659.111496,0,61.79493696,278.1153572,493.8717893,122.5626413,1329.40887,400.9994845
1/3/2010,857.9007686,51.17721273,130.0474405,0,0,51.19246674,780.1625858,9119.443711,51.98513699,52.68004604,104.0298554,597.4599079,0,1403.47313,544.7443858
1/10/2010,806.1325692,0,52.11199595,104.2676275,104.2676275,0,856.8935634,7458.591508,51.97897246,104.1350424,285.9310764,466.6606433,77.80247959,1350.408782,440.5080115
1/17/2010,828.2522977,51.04099816,102.0819963,102.0512024,102.0512024,0,602.4964493,7089.611769,0,0,226.9774196,326.361315,75.34174474,1106.722743,276.238157
1/24/2010,743.868827,0,99.24249453,149.6499536,149.6499536,49.86827464,569.949849,6646.934495,0,99.6764308,99.35974408,198.0943014,0,1589.243629,272.2938018
1/31/2010,1232.046969,0,147.7220547,49.52343457,49.52343457,48.95743084,517.2233916,7282.110783,0,148.4359725,221.2898695,122.678865,49.04514197,1452.882836,319.7689357
2/7/2010,1103.444129,49.41430513,48.98007273,49.39939885,49.39939885,73.60184514,464.6697483,6736.305298,0,98.18669003,73.66732265,49.26564597,49.2953062,1590.413582,219.8551944
2/14/2010,673.3592738,0,51.78989864,51.51608423,51.51608423,51.78185183,620.8934259,7041.028646,0,103.819338,362.7241056,181.6402737,103.352284,1113.968102,206.9063572
2/21/2010,991.644911,0,96.64574466,72.4539539,72.4539539,48.37490937,434.9902332,6448.032274,48.24088891,96.51053542,193.7377149,144.6326468,0,1088.311669,337.4707895
2/28/2010,845.8576727,99.16617856,0,99.28935258,99.28935258,99.19573629,346.9031457,6525.083095,99.4393365,49.59883418,248.1773306,49.64225765,99.22598312,1437.665746,173.7526794
3/7/2010,1034.91657,49.24192815,49.24192815,0,0,49.25660532,245.5813539,6616.085452,0,49.1735816,197.2388368,147.6586586,147.0979117,1449.797181,146.921005
3/14/2010,868.0882375,50.95804516,0,101.9066321,101.9066321,51.04169785,280.308937,5560.875018,50.95804516,51.01093131,204.3033664,76.55977735,0,1302.353875,178.4354137
3/21/2010,1017.249909,0,0,48.27309034,48.27309034,0,216.0840313,6685.527535,48.14363331,48.23778331,144.7331987,48.21547245,72.47497422,1495.342082,193.1789895
3/28/2010,1173.312117,0,146.5146991,48.81597486,48.81597486,146.5583696,267.7540214,6127.865261,0,97.54367489,171.2325753,48.68380164,0,1342.319498,292.83839
4/4/2010,1133.625023,49.35126235,0,49.25275095,49.25275095,49.0513641,221.4181695,6545.879094,0,49.29176716,49.32149681,49.14919535,0,1058.437751,318.7037689
4/11/2010,1440.258615,0,0,47.53363472,47.53363472,48.02057506,168.44249,6526.672529,0,94.84058147,191.9060533,48.51196711,0,1440.115221,143.9079799
4/18/2010,750.1690853,0,0,0,0,0,224.1302738,6533.584361,0,100.6456929,99.84138278,74.82827299,49.4474041,1270.804959,124.4051284
4/25/2010,1061.057533,48.02142657,72.59206644,0,0,48.53560926,216.5158621,5673.885731,0,48.50635332,48.53560926,120.521014,72.52518767,893.8364871,96.46862112
5/2/2010,970.3552256,0,50.27372886,50.25856333,50.25856333,0,124.652035,6211.934549,49.15029257,49.16494243,74.76395,98.41788893,0,895.0307042,124.2177367
5/9/2010,1073.932605,0,0,50.96518152,50.96518152,101.68731,178.5493541,6771.391938,0,51.05655523,102.2806446,51.03294062,51.07112869,1277.684205,178.2634182
5/16/2010,807.959641,53.1160193,80.67513913,0,0,106.2637024,295.8238643,6118.757527,0,53.1318512,163.9715209,0,54.55845509,917.1596683,106.3588071
5/23/2010,1033.016132,0,55.62760945,0,0,0,111.216023,6395.140797,55.62760945,55.64418996,111.8605756,83.73440292,55.7867155,836.8588201,111.5242539
5/30/2010,831.0429347,0,0,0,0,57.52708907,200.4286632,5980.764615,0,56.9419123,143.4071402,0,0,1058.461798,113.9857493
6/6/2010,961.3156595,0,0,0,0,0,106.9054935,6024.082831,0,52.82179972,0,105.7381492,0,720.2103331,79.98779945
6/13/2010,1076.641719,0,55.02999013,55.17796441,55.17796441,55.20989758,82.82901619,6097.130473,0,55.17661855,110.4044201,0,55.12752062,744.4055311,110.1393352
6/20/2010,961.4490008,0,0,54.9948808,54.9948808,54.97829609,54.91045168,5990.750947,55.07795464,54.87502774,54.97829609,0,0,933.1904214,82.19563278
6/27/2010,520.4046529,0,0,0,0,0,82.26869991,6298.850707,0,54.63108194,54.99603175,54.89759017,0,629.1519809,164.6927705
7/4/2010,642.9552075,0,0,0,0,0,52.97497288,5884.965746,0,54.00596662,53.58413289,0,53.94093836,856.9092802,133.326505
7/11/2010,548.1218343,50.42410781,49.34317431,0,0,0,49.34317431,5761.333454,0,99.44018718,50.39369519,99.46150197,0,674.6431591,50.24218078
7/18/2010,577.2355539,0,0,0,0,0,50.2596619,5580.196035,0,50.80378427,50.83442588,152.1362421,0,828.8517424,199.0614314
7/25/2010,739.0230988,0,51.33253697,0,0,0,76.66187189,5229.332434,50.73075196,101.4917458,51.30157646,76.58408219,50.83678817,689.8984897,50.96938245
8/1/2010,708.9109416,0,50.48564145,50.62139609,50.62139609,0,126.527321,5835.076764,0,50.66998325,50.86919277,50.7467639,50.59116534,709.6112265,227.9392159
8/8/2010,728.1673591,49.78748656,49.78748656,49.92136388,49.92136388,149.4069791,250.9841311,5629.547568,0,0,49.9362836,50.50150184,75.21486313,852.1794059,99.69379768
8/15/2010,556.1641595,0,50.92247937,50.90711814,50.90711814,0,201.6238122,5225.968543,50.98401711,50.86109,101.7835323,100.912379,75.84310284,907.8025477,50.14434514
8/22/2010,420.4377236,49.75686115,0,49.74185154,49.74185154,0,74.10331742,5519.96521,0,74.38493798,49.43206626,49.47557943,49.51260212,915.9674817,74.09467789
8/29/2010,669.3232129,0,49.20010422,0,0,0,173.2396594,6396.032416,0,74.4446938,148.0414373,99.03064951,49.80230835,843.6781179,98.8080261
9/5/2010,617.3306918,0,49.36886781,0,0,0,123.7986083,6298.01033,0,49.50530364,123.4566969,394.3804101,98.89138922,814.0870554,173.0597552
9/12/2010,792.3817562,0,46.58290882,0,0,0,326.204102,6195.549194,0,45.82921938,69.85190706,419.6409242,137.7339782,954.5337467,232.4486799
9/19/2010,693.5008799,0,0,46.62849894,46.62849894,69.13528228,276.7282184,6587.243754,0,93.17267871,92.69208481,899.3403199,46.53024503,1177.433681,184.7031921
9/26/2010,760.7919823,0,44.6942424,44.75324956,44.75324956,0,133.4995225,6771.4788,0,44.7127855,44.74704619,825.6139399,44.71431683,984.1010337,267.8376419
10/3/2010,830.6483175,46.16579274,91.03336404,91.2781505,91.2781505,91.06049768,345.6813467,6876.036317,0,46.76875726,93.59393038,1359.572923,0,1038.622553,437.7696234
10/10/2010,647.5329087,0,72.04013062,0,0,47.36854357,119.6208869,6735.806684,0,48.44597064,47.98278123,765.7108263,0,1151.431355,215.8699949
10/17/2010,858.4874062,0,45.1896154,0,0,67.5924224,248.3802635,7112.818122,45.24422521,45.13513727,136.0370718,1082.382433,45.21756226,1332.921282,518.5784739
10/24/2010,1041.078065,0,89.02858357,91.87314566,91.87314566,0,316.9627229,5950.672244,92.01192684,44.52755983,67.8164248,1038.659836,67.91798541,1131.514846,519.5452274
10/31/2010,726.0514313,0,44.92057161,45.80520775,45.80520775,45.79139436,385.5865694,6628.460727,0,90.69476187,113.6567235,997.7512667,45.36032479,1135.085034,362.3253553
11/7/2010,813.1284669,0,92.98516986,69.93325772,69.93325772,0,418.5144505,6511.858759,0,0,116.0543676,975.4452833,92.96906774,1022.860926,348.1777377
11/14/2010,993.7582733,45.76472999,92.69133905,46.25492383,46.25492383,91.55674148,346.2089608,6835.890698,0,184.9721701,69.2780457,784.8740027,92.19746539,1248.052515,484.4193923
11/21/2010,953.4304201,52.16675441,102.1355741,103.3520113,103.3520113,0,284.2049468,6710.631816,0,77.24379571,180.2837538,309.4041305,51.1745277,928.4139617,308.9092929
11/28/2010,947.6964072,0,91.32237526,112.4334293,112.4334293,67.69618122,293.3497444,8046.480278,45.71636731,91.21228198,225.3130652,270.2399458,67.65446477,946.3305059,427.0139734
12/5/2010,875.0442361,0,43.80073537,87.58923984,87.58923984,131.3229527,414.695054,9802.662283,43.76585096,87.38038324,218.9546576,436.6232585,87.53693215,961.2364215,328.2387088
12/12/2010,976.3101686,0,66.61205528,88.73500307,88.73500307,88.87530703,420.1539314,8729.924352,0,132.232673,222.0366809,331.7780924,44.45797495,1241.720065,376.3033868
12/19/2010,1082.580683,0,52.53221018,79.02875519,79.02875519,0,396.2071102,8809.9953,0,0,369.153635,341.7338003,52.69878217,1423.535189,263.6273122
12/26/2010,1019.009442,0,156.8401454,104.5285554,104.5285554,52.09739498,442.5429313,8495.573422,0,77.97801333,443.5373881,260.0692293,52.0384475,1171.93923,416.7396027
1/2/2011,1054.104762,32.93759032,65.87518064,50.12066796,50.12066796,33.42258353,483.9940061,8054.868183,66.89620517,100.4226177,367.9892665,250.5475181,33.8446597,1521.113613,483.9152761
1/9/2011,898.1796391,67.03269398,33.03543084,100.10524,100.10524,33.49613207,332.4108396,7189.562031,0,133.0416375,216.7723959,398.8008758,82.97277448,1647.733282,464.901648
1/16/2011,1187.942414,32.37607028,130.3662699,97.73663306,97.73663306,32.53528611,471.1450103,7989.130218,32.74372371,81.04304057,227.9047994,244.0323751,32.44374197,1236.704089,308.8186253
1/23/2011,1091.191239,32.06907032,80.07170871,112.760222,112.760222,64.89884943,336.6656774,10827.27027,0,112.1014196,353.6102873,79.89728732,112.2871958,1140.040104,656.6746511
1/30/2011,904.3867653,62.20167862,45.85722926,138.2453058,138.2453058,30.18780227,443.7483436,7260.986454,60.35761419,61.24348685,168.6268499,184.0305981,46.00771247,1209.46112,352.0595971
2/6/2011,1086.881796,0,125.7747256,125.8193112,125.8193112,31.48836526,629.0266106,7309.487371,63.02481497,78.60977822,345.8412212,188.9175256,0,1260.481521,486.7527599
2/13/2011,1335.85015,62.53960966,31.26980483,173.1863062,173.1863062,78.67328342,597.2233052,7735.241093,47.29337715,125.1694328,220.4638462,109.8638798,47.21161108,1540.513946,424.1923337
2/20/2011,1254.472405,32.31671134,111.956016,112.208713,112.208713,64.25392442,530.2175502,7325.926193,32.35576477,144.6165441,417.3397225,144.5279775,32.12639044,1575.703494,496.9991523
2/27/2011,1330.033957,30.99584647,61.96793773,123.9902783,123.9902783,61.9543035,433.1195329,7722.675892,31.03330369,76.92463859,231.9937405,123.4331375,61.63776306,1528.882479,447.4901898
3/6/2011,1276.675023,61.30624678,76.88682791,184.0713961,184.0713961,76.86796163,399.4857902,6114.275284,0,137.5630261,215.5433281,76.65505954,76.8389719,1396.796222,352.8624736
3/13/2011,1298.946971,33.3532399,0,66.61694271,66.61694271,66.75718554,398.8670858,5994.971108,0,82.9013275,199.9548371,83.06983652,66.57715953,1165.371969,232.4616513
3/20/2011,1588.928187,30.74555107,30.82919614,46.37268765,46.37268765,61.50943034,307.9715714,7414.848854,30.74555107,107.7672853,185.3327074,30.80080917,76.99726596,1232.608236,215.4206849
3/27/2011,1273.846297,29.59950187,30.29299916,105.0015829,105.0015829,74.76189856,328.8888561,6393.220261,30.32960701,74.74374618,209.318561,89.75053952,74.78749582,1543.942091,254.3910823
4/3/2011,1280.348499,0,60.89783277,76.13922301,76.13922301,30.40356188,273.5597896,6848.374947,0,91.47362261,182.6347844,91.13504965,91.33093077,1354.921446,197.6168142
4/10/2011,1008.653847,0,45.91674918,30.58322448,30.58322448,30.54230315,213.7320397,6596.923172,30.99851969,30.1478653,122.3325561,61.03784441,30.2018776,1207.057587,228.5258441
4/17/2011,855.6374589,0,0,47.73497451,47.73497451,62.80215117,174.7404018,5456.462828,31.39171889,63.61650745,127.3755757,0,64.00779459,1253.231982,110.8745409
4/24/2011,1140.540754,31.08920114,0,31.0798228,31.0798228,30.48629504,245.9648437,6172.043921,0,76.8346455,124.2818004,46.1951138,93.0429975,1215.975769,215.2112356
5/1/2011,1083.406789,30.9363769,0,61.85408931,61.85408931,30.49299419,197.69965,6372.343746,60.13205293,61.79816337,122.1350566,30.10190478,60.86148879,1143.363302,137.2499231
5/8/2011,965.8419093,0,31.39294709,30.96629871,30.96629871,31.37401287,108.6592263,6383.78645,30.8832544,46.77130109,93.38283813,31.10894873,31.31734698,1028.032727,171.1081006
5/15/2011,927.0919415,0,0,30.67915721,30.67915721,30.050171,106.1348677,5738.963002,30.72550035,90.15051301,76.06663977,30.33544662,91.84353355,924.9917332,106.082971
5/22/2011,999.3743632,31.95253672,63.90507343,32.25682171,32.25682171,31.96206057,129.1924511,6557.194277,0,64.89337976,32.25673158,31.99066624,0,1014.705369,144.8694123
5/29/2011,979.1092799,0,0,34.44597319,34.44597319,51.34435553,102.6579917,7170.874135,0,34.28600801,68.87117077,34.27015009,0,892.5209882,85.58281467
6/5/2011,946.8115909,0,0,31.39365213,31.39365213,0,94.74697119,6682.687567,31.30946176,63.44635028,95.22692561,63.33182618,31.68497746,914.7936873,78.80310757
6/12/2011,661.7488464,0,61.91279102,30.67283908,30.67283908,92.12643509,138.6876308,6708.641601,0,30.75944432,77.09414712,0,61.53644846,954.078131,123.1830728
6/19/2011,1006.638177,0,45.09660719,0,0,59.27419594,104.8696015,5008.792922,0,45.06465435,75.29508673,0,30.30611098,944.8750755,60.04618168
6/26/2011,682.7120387,32.22770886,64.45541773,0,0,0,162.2826073,5595.542077,32.83186143,32.49439303,32.54770569,32.69358043,32.50366815,861.6540919,48.64112809
7/3/2011,902.386685,0,33.77902884,68.0503449,68.0503449,33.78909711,85.22760783,6166.811525,0,85.0334097,51.08369277,33.81933795,34.06084423,664.3961039,101.4580138
7/10/2011,910.7016351,0,0,0,0,0,113.6474877,5759.144582,0,32.49773299,64.95551992,64.82916774,64.54245005,764.175842,64.81936049
7/17/2011,635.7593056,0,0,47.60500472,47.60500472,0,127.3130237,6110.142457,0,32.10729941,79.25397605,47.51457624,64.13727842,714.1095878,160.15036
7/24/2011,696.9886263,0,30.740292,30.95007275,30.95007275,30.74945453,61.97938217,4990.903178,0,0,77.30527943,46.39226656,30.80454462,634.3775093,61.75134856
7/31/2011,576.3580776,0,31.2000424,0,0,31.04413244,124.103102,5803.766015,0,62.05083977,31.29328819,31.23727396,0,638.2785516,46.57869712
8/7/2011,511.9672238,0,0,30.34404099,30.34404099,0,60.40793635,5801.984298,0,60.23171957,75.34525573,59.88467019,60.24891197,873.1154268,45.19784474
8/14/2011,854.4296317,0,30.80599258,30.79669967,30.79669967,30.78741237,168.243399,5483.087125,0,30.76885455,45.67230343,76.13867776,0,686.1475116,92.08453946
8/21/2011,460.8942035,0,30.82787421,30.8185747,30.8185747,0,46.1122352,5421.015127,30.56297289,0,46.02873165,153.4657332,91.88056465,660.2448742,76.82445296
8/28/2011,600.7073412,0,31.11270066,0,0,31.09393546,122.8937701,5279.48602,0,30.76829357,61.63754853,184.524376,30.777076,878.0202879,123.0988104
9/4/2011,649.3056381,0,30.16121629,30.50593166,30.50593166,29.81996518,45.30933425,5052.689202,30.55201312,30.14738811,105.6209849,316.2115907,0,663.9243347,105.3765697
9/11/2011,625.8000372,29.38038168,43.74434345,58.41250402,58.41250402,58.72532261,159.9021273,5865.616373,28.82504476,28.83363643,102.0422833,493.9094381,29.09677285,859.3690141,232.5299004
9/18/2011,729.9241342,0,42.01696524,55.33039936,55.33039936,57.08569189,336.1975124,6569.646384,28.59458524,42.16382328,56.33333707,644.7855338,113.9651742,1221.837787,407.011954
9/25/2011,1041.724562,0,82.68936889,27.7756409,27.7756409,27.93545426,249.7335255,6199.513164,27.75965529,55.61389048,55.67620419,1053.952681,41.55084089,1054.371763,470.5114385
10/2/2011,783.0236419,27.71858289,98.01263189,70.23076049,70.23076049,27.97409397,293.2313356,7371.674281,0,41.87088958,56.14913221,1411.551674,56.34373232,952.0524935,475.3784645
10/9/2011,763.1089533,0,111.1667771,83.34262007,83.34262007,27.4608435,291.7888948,6033.417973,0,27.7352912,27.78079574,1427.764986,55.02008357,930.2500994,470.7079763
10/16/2011,998.4193698,27.34889116,68.63054576,81.15736147,81.15736147,54.52942145,204.6239265,6933.37827,0,54.67270473,82.14360711,1039.217727,110.6261428,1052.669884,368.9182228
10/23/2011,951.6841567,54.87721809,54.87721809,41.28891191,41.28891191,27.53319466,275.0885517,7423.71348,0,96.26065909,41.29293495,1155.508925,27.53270464,978.2830346,384.9462675
10/30/2011,1039.283625,28.76102698,56.22660468,28.46919002,28.46919002,70.82842253,241.3427206,7630.848334,28.11330234,99.39987722,71.10867583,895.0727047,56.86118269,966.4114484,425.7901775
11/6/2011,974.4180506,54.43178753,80.57772425,80.79439575,80.79439575,27.0333134,324.1445792,7000.523018,0,148.7130742,81.20837301,918.5423294,53.95625272,1392.276687,350.6374638
11/13/2011,867.1999536,26.39305295,0,40.10854599,40.10854599,26.40091973,306.8940373,6373.318721,0,79.95745226,80.76678625,506.2747118,119.9164611,1386.175663,319.6890517
11/20/2011,954.7278651,29.73373816,44.59886276,29.83039828,29.83039828,29.79048425,342.2267972,6858.367731,0,118.9606831,89.7596057,476.6574099,74.65574158,1102.745823,267.7123599
11/27/2011,998.9082044,26.09415834,52.18831668,64.93932161,64.93932161,52.15684001,362.4134649,6362.015313,0,116.8024668,181.3045012,414.2311636,77.85173265,1154.330682,349.3424437
12/4/2011,1107.964783,0,77.15624376,77.8180708,77.8180708,51.53767882,321.9386648,7238.775404,25.59866544,89.94933969,51.49038993,412.0937979,76.95651348,940.910182,321.5161784
12/11/2011,982.7775885,26.01357899,64.75038293,38.78511544,38.78511544,25.86355716,374.9847279,8136.533188,25.72138402,51.71143333,103.709173,258.7627553,116.2269196,1397.573412,361.6027822
12/18/2011,1156.381696,28.27723707,42.41362924,56.63558058,56.63558058,0,282.0368742,8386.375246,0,70.43078718,127.3152082,197.0973557,42.37455374,1254.568315,296.1856771
12/25/2011,981.7882712,30.6740998,76.78182461,61.26473573,61.26473573,30.77884496,551.5241572,8540.859344,30.55021908,138.055165,399.0961209,291.3284275,61.2134481,1287.773573,336.6447927
1/1/2012,1043.93106,0,26.72471921,92.56839518,92.56839518,26.43086121,396.6529389,9144.177967,0,158.3905848,344.4181437,250.9563477,92.66682817,1600.027369,277.5876486
1/8/2012,1061.318245,0,72.40834891,96.54272544,96.54272544,36.26909058,253.9483862,7966.811093,24.28972057,229.2548631,277.8388571,180.8036231,48.16620251,1607.192822,325.4861857
1/15/2012,991.5342655,0,35.74463162,59.71297186,59.71297186,47.75233355,417.4984273,8871.870388,23.75258532,119.3446438,382.5294376,202.5418983,47.65484975,1098.656503,297.8085619
1/22/2012,893.2052315,23.18450047,46.36900094,104.2865612,104.2865612,46.49731655,347.7446897,7501.276415,34.717853,46.4762348,382.2122626,243.0673784,57.99812409,1519.66074,370.1379229
1/29/2012,963.8748092,23.79132005,116.0805655,142.7048591,142.7048591,47.13408923,317.3386698,7804.358419,0,152.4976361,329.4168431,128.8958245,35.29445996,1750.078612,422.4276262
2/5/2012,1203.347692,0,46.55976232,140.3986901,140.3986901,46.56305075,478.59521,7847.494899,35.13203726,116.8429324,433.2328436,69.9957127,69.95358716,1599.691906,326.3664122
2/12/2012,1147.246251,0,32.37810342,86.31361062,86.31361062,0,421.5455559,7897.641703,0,107.9845533,465.3679326,86.44354806,108.3103578,1631.208325,378.0342815
2/19/2012,1090.86646,45.26176993,45.26176993,67.7530756,67.7530756,22.34710153,348.5658581,7209.819348,0,112.3766563,293.1655563,78.76860721,78.54962506,1507.389033,438.0651471
2/26/2012,1108.315891,23.43612516,35.07637707,105.0769686,105.0769686,46.79969367,291.6263195,7021.546725,23.34946044,92.91030704,257.2016654,58.33335325,93.13033683,1331.484745,302.7154737
3/4/2012,917.4165765,24.49201794,36.09915965,48.2905726,48.2905726,71.26589531,156.7578279,6801.325557,0,60.33100306,301.8696003,60.18577226,71.39357383,1350.213228,325.1309215
3/11/2012,935.4321484,36.54285297,60.85372763,85.13037006,85.13037006,24.06333836,303.6766364,6380.220071,24.59743144,60.81668954,194.2783533,0,36.50918619,1239.346669,169.9680948
3/18/2012,1100.874039,0,37.86675082,74.79202472,74.79202472,49.74245539,152.0120881,6565.32309,0,50.71220537,367.1915301,63.02675794,63.28423101,1265.102899,252.4699994
3/25/2012,987.9552679,23.09424827,47.17895905,58.80168372,58.80168372,70.53536762,199.8589921,6453.535125,23.09424827,82.20115223,105.7854849,82.17899808,35.21947655,1057.661809,164.3154363
4/1/2012,1296.363596,0,47.82845611,84.12127098,84.12127098,60.03519016,191.6905863,6822.830766,0,47.95751862,191.7121762,72.00352955,24.0585265,1080.578713,143.855881
4/8/2012,1089.540571,0,99.67075891,125.6095261,125.6095261,50.3099107,212.850889,6272.235859,37.50248579,125.301747,113.0008352,37.47904667,87.79108952,1316.180122,238.0660841
4/15/2012,1027.944826,0,50.25683013,49.64292331,49.64292331,25.33219006,300.1651231,6415.712297,0,75.11419145,112.7996763,62.51372598,62.66371017,1177.527276,162.282098
4/22/2012,958.12592,23.63122269,47.96372303,72.53277983,72.53277983,48.34060417,119.4785718,6812.504777,0,47.79126559,107.5450964,0,47.80490702,1135.397537,143.264216
4/29/2012,1233.889119,46.37220257,46.41912389,46.49689627,46.49689627,34.85082557,139.7696404,7250.521885,46.81493808,34.84376851,93.34646515,69.78428363,34.87114267,1165.605907,162.6902948
5/6/2012,950.7825217,0,45.58187841,22.51174999,22.51174999,45.36710426,248.3208178,7124.573558,0,56.58914145,113.1364101,33.85279335,67.9426492,995.3453779,79.20850124
5/13/2012,1047.264797,0,34.47540378,23.31405299,23.31405299,23.02836686,126.6853283,6496.176158,0,57.74493577,69.28130812,45.54699615,57.52329124,1174.562614,183.761637
5/20/2012,1100.696612,23.0822579,22.78720975,45.92374819,45.92374819,34.32969551,68.63885152,6628.700816,0,22.92419883,103.1730439,91.2576085,0,1090.203343,102.8570892
5/27/2012,823.7168795,0,23.6197686,24.04350693,24.04350693,35.81611625,106.8591316,6746.263819,0,24.02176777,47.61820858,70.94386345,23.99284331,869.8657919,142.9259108
6/3/2012,923.3645514,0,46.60243717,46.40821749,46.40821749,23.59523687,140.3216033,6287.857878,46.2837616,23.36409567,70.20728551,34.98096067,46.38050281,876.6047739,116.8220881
6/10/2012,915.2081713,0,23.72340672,23.71625034,23.71625034,23.19206802,70.32664798,5803.832537,0,47.01425231,23.25444956,35.0978034,0,950.8974194,234.42459
6/17/2012,1031.340289,0,35.47989453,47.55385933,47.55385933,0,165.8455967,6956.559128,0,94.89995552,94.81720874,23.68118917,23.72682777,876.1335171,130.068958
6/24/2012,796.5257899,0,45.77071639,45.89379271,45.89379271,116.4693083,138.3782358,6086.208422,0,127.1619653,92.49329275,46.47559882,46.09061197,865.8729083,127.0076357
7/1/2012,870.2537685,0,24.25915199,48.503668,48.503668,60.40914585,144.6282078,6494.290753,24.01890838,48.2562432,96.56200094,48.33507343,72.40502603,784.3939482,48.12549271
7/8/2012,805.2704454,22.85681407,23.13905247,45.83655096,45.83655096,0,126.3640227,5926.388608,22.85681407,80.3922123,80.84715781,45.76817901,0,1057.943402,114.7597828
7/15/2012,851.9360707,0,45.02835932,22.44671945,22.44671945,45.00120108,44.81993188,6066.584132,22.3257627,44.94403572,22.44665673,67.33934241,22.41628607,772.8505105,44.87270662
7/22/2012,827.3728634,0,44.24971805,22.22241103,22.22241103,44.43141891,99.01095688,5812.2853,0,66.6069553,88.32590575,33.09887545,21.92800277,628.5671603,99.25670898
7/29/2012,983.4720266,0,43.88829624,21.80361744,21.80361744,65.25488009,87.46712981,5800.187511,0,43.66960943,120.2392133,43.64941142,0,755.1148514,131.1635368
8/5/2012,699.6801131,21.2976467,52.96554632,21.29122207,21.29122207,21.13412806,127.09576,6002.907218,0,21.20320786,42.57162869,95.50363618,52.89438758,710.6528786,116.4872677
8/12/2012,909.0412753,21.58130603,21.58130603,21.57479583,21.57479583,0,162.2677643,6068.333072,21.60738616,32.50076069,43.42291957,75.70552727,43.17919108,832.5618903,86.19027123
8/19/2012,835.4992796,21.47680435,21.47680435,54.41184087,54.41184087,65.59265965,173.0799872,5975.225607,21.68970007,0,97.80617529,151.8684158,32.55300831,694.1142936,97.46724514
8/26/2012,755.2741928,43.23663489,32.41194353,54.02244499,54.02244499,21.60527865,172.4231273,6457.799067,21.50667518,21.51308551,43.27357176,172.2524366,32.29482543,992.5663876,172.1230575
9/2/2012,690.7803307,20.86610127,30.87756312,41.40474053,41.40474053,20.3991026,185.2090555,6249.551209,0,51.4900428,20.85351616,329.6630936,61.95777934,938.5580923,102.9354008
9/9/2012,790.9024759,19.52115455,48.86434728,29.3633476,29.3633476,29.22012878,283.3270668,6553.068645,19.41772747,38.91621921,107.6252133,575.3029054,68.35170717,1054.220384,195.2006449
9/16/2012,974.3527603,0,30.18921062,50.22113111,50.22113111,20.17479223,240.7808212,7713.180997,20.21136285,90.28084235,90.52998365,692.0490861,50.24190463,1265.424905,381.1292446
9/23/2012,842.6671483,20.30046762,30.51461595,60.77467007,60.77467007,20.3844393,325.4898112,7327.00777,20.42138995,121.8594712,50.76536673,1136.20474,40.51175518,1118.196477,355.1001994
9/30/2012,867.5425626,30.64565727,40.39151206,30.56866153,30.56866153,20.20177563,264.918782,7083.953356,20.19575603,101.8914914,61.14328006,1343.833036,101.9205751,1437.571346,488.8639146
10/7/2012,885.0610615,102.4540116,40.72157212,61.05677844,61.05677844,51.0725784,325.7432732,8094.330126,0,91.41226511,50.91620501,1262.144858,50.93434721,1222.009106,488.2198668
10/14/2012,1033.802896,19.26486067,96.25691588,57.87573753,57.87573753,57.96946138,317.9103876,7161.413874,29.03422701,67.78642261,96.43995671,1263.915686,28.9840294,1139.500308,462.2583969
10/21/2012,946.3751395,29.52039022,49.24204514,29.66493643,29.66493643,39.43718138,354.7130361,6764.650081,19.73364637,79.06905445,98.81368941,1330.192549,59.31433325,1005.62903,462.9306914
10/28/2012,801.4300243,0,28.17178343,28.30972621,28.30972621,28.28165883,131.9047893,6107.694896,0,56.8915551,56.35907966,582.9831137,56.45230051,856.9905002,244.0039819
11/4/2012,894.5237762,18.21699457,55.26761622,83.04389716,83.04389716,36.44484874,239.168778,8104.071982,18.43374028,82.71026424,101.3190855,746.0819722,55.1834957,1114.285808,266.836088
11/11/2012,901.7598757,17.98129515,43.97444171,70.96431039,70.96431039,44.18595736,370.3080142,7703.716692,54.00907443,97.21292719,97.34480322,767.6088264,71.75197124,1130.243875,440.8725273
11/18/2012,1073.478049,0,47.52292894,76.030981,76.030981,37.96462456,322.8244,7402.459126,0,66.57578229,161.5225859,426.6557383,66.55215116,1214.733229,255.9508159
11/25/2012,1160.462239,37.10085079,55.10075281,73.44384662,73.44384662,37.07847392,414.5277879,8616.505999,18.57284283,64.54290067,128.9910656,515.1122409,64.51999111,1371.122728,496.0560749
12/2/2012,911.7041796,49.97765972,60.17485485,120.2398554,120.2398554,39.46954177,660.2363828,8287.89275,20.02844237,89.64365772,190.5146034,1080.135043,158.1610184,1101.221115,529.04335
12/9/2012,992.3103263,21.79745604,98.01992449,141.6940142,141.6940142,109.2251713,740.9035877,8270.113757,43.62141927,65.12077601,196.50715,751.3654625,76.41019551,1090.588095,783.4948828
12/16/2012,1166.4498,69.40222556,69.11149212,185.1257085,185.1257085,23.0820327,923.2742903,8186.763309,0,150.1796476,219.1041291,565.0285209,69.33828557,1303.962051,945.6226785
12/23/2012,1314.746362,92.35782795,196.6099263,354.9990598,354.9990598,79.0868868,1325.790798,10944.4046,39.33795819,262.5775178,447.4694566,577.5134333,183.750422,1813.310578,1298.612076
12/30/2012,1329.665914,59.87951506,167.4517584,443.0176432,443.0176432,59.86482199,1756.11577,11720.3823,59.92315067,239.3722797,430.7754038,824.4879135,131.4012504,1950.696926,1828.562142
1/6/2013,1239.923778,289.5846358,216.391962,844.4088643,844.4088643,72.55281466,4336.235458,10121.92189,96.26872787,108.4406142,482.5604194,6414.414343,60.27362886,1710.900457,5041.876377
1/13/2013,1135.019888,227.3163975,334.7392433,992.8321945,992.8321945,35.89693565,4083.765018,8437.486146,83.57796377,155.1375841,358.8579002,3318.138776,0,1625.039698,3877.54699
1/20/2013,1295.576968,189.6408975,169.1004158,316.1384663,316.1384663,42.13587383,2001.100287,13486.82316,42.31354002,147.3140708,442.9232126,821.285427,31.64397705,1392.629217,1736.454704
1/27/2013,1231.380856,56.98585062,228.7842055,324.5734133,324.5734133,28.55284377,1209.786958,9204.201198,38.17391698,133.466301,506.3952599,400.0538494,114.4323406,1506.369744,1238.234363
2/3/2013,1228.754565,28.72674454,115.2695152,220.8245418,220.8245418,94.23146314,853.5746098,8893.965754,38.53874269,95.80686792,375.5838149,230.1657027,86.23005492,1296.209391,881.6526721
2/10/2013,1098.590188,37.57320394,37.31635019,148.8836898,148.8836898,0,614.0512772,7829.901047,18.61092479,130.2406994,251.2656813,111.5728737,93.05724005,1431.255414,501.3587503
2/17/2013,982.2538913,47.11984755,47.23867988,94.56102577,94.56102577,28.24800465,443.5588764,7769.145717,18.91624577,94.52444753,207.9190976,122.5926757,47.20927751,1388.217374,631.4660057
2/24/2013,1051.503529,36.15247809,90.5068263,163.6595244,163.6595244,54.57600524,425.671714,7384.495631,18.13521046,90.57940416,208.633579,63.41422924,54.36315536,1367.857361,470.5824277
3/3/2013,1296.437631,0,54.13762019,99.83232041,99.83232041,18.25910791,489.0699244,7186.655334,18.13296631,63.34751911,218.0471007,54.31578353,81.35130846,1342.073881,543.2757214
3/10/2013,1195.300746,0,45.99931907,147.0100284,147.0100284,27.50688593,321.0681559,7138.369372,18.3877583,82.8094875,230.1029708,37.02641367,27.52292171,1195.603789,358.0125426
3/17/2013,1045.137713,18.9725478,38.06456291,19.18348,19.18348,75.05441476,407.8904032,8225.689041,18.75801263,85.38989681,208.944591,76.5261567,37.93852469,1384.837096,426.9138212
3/24/2013,1352.265397,37.6932872,131.6919751,84.59866182,84.59866182,94.25232253,403.9119049,7967.011378,18.79891601,65.5698906,207.0759844,84.74140635,93.9972226,1326.094373,534.7524693
3/31/2013,1296.191147,18.65925358,56.48143803,102.8820286,102.8820286,18.65635442,429.2945464,7911.371183,18.67059905,55.84868319,205.4101584,65.2863473,28.02178749,1446.464609,400.5021495
4/7/2013,1303.335567,0,65.67533504,159.8581612,159.8581612,37.18587968,271.7700536,7714.223933,0,46.89925573,262.8598504,55.8287409,46.89860905,1426.358394,402.8340494
4/14/2013,861.0097443,0,38.48667125,76.83479998,76.83479998,28.64961615,181.8032657,6334.134962,19.03650142,47.7750505,143.6765325,95.61193584,57.22887318,1206.063092,210.5804636
4/21/2013,1016.914765,19.37013131,38.74026262,67.80697321,67.80697321,38.71689696,193.8891656,7148.182414,0,106.3983721,155.0933585,57.95674874,38.64696879,1142.918437,193.1000236
4/28/2013,971.2960471,36.58973156,36.17220945,18.28934697,18.28934697,18.28383148,144.9737792,6924.127914,18.15425904,54.40472732,144.9901075,0,36.20675136,1151.728617,271.4629678
5/5/2013,849.700937,0,27.33410884,45.66282539,45.66282539,18.18462947,164.2748253,6823.112325,18.3647942,36.4041858,146.5081306,27.40464014,45.68171341,977.0922391,127.6002081
5/12/2013,1044.991502,19.52419365,19.55015779,19.60272768,19.60272768,0,87.87591817,6610.562347,19.53606503,48.95041591,166.019677,38.87992384,38.96261741,1240.91513,165.5629719
5/19/2013,935.5047695,19.0042497,18.75544476,18.99851689,18.99851689,18.87687743,151.3006304,6751.030105,19.02721556,37.63767436,151.2169306,0,56.38394084,707.5795736,113.0669737
5/26/2013,954.7252014,0,20.31171193,61.09898887,61.09898887,40.63553219,61.7662026,7427.486113,0,40.9037958,41.17731325,41.32767359,20.35416699,779.9211867,102.4654041
6/2/2013,963.947169,19.42442727,19.48451167,58.42997721,58.42997721,19.43021696,117.0815187,6802.33768,39.13565678,38.84317013,68.32028312,77.94165099,19.48113757,1120.165222,116.8399276
6/9/2013,1004.650858,0,19.88339967,39.6487048,39.6487048,19.98340381,99.13944808,6064.442605,0,118.6624873,49.63276138,39.64686604,29.86016549,854.8815602,99.29546837
6/16/2013,1043.746677,0,0,40.55929929,40.55929929,20.25759926,121.627523,6238.411174,0,20.24150264,81.2300819,20.24209153,80.94766836,882.0291415,121.4946663
6/23/2013,752.4223087,20.67074658,0,20.66451106,20.66451106,40.05659158,152.6844239,6804.352974,0,20.64582706,81.56150558,30.5296429,60.19253422,722.3440686,101.7509358
6/30/2013,816.8019699,23.55730331,23.335291,35.10049875,35.10049875,23.12157886,128.3538557,6744.005098,0,35.05155282,105.1854749,23.1422724,46.32600601,899.1649669,58.31228437
7/7/2013,952.0765979,0,21.40098485,21.10931932,21.10931932,42.11796826,96.1980972,6047.081399,0,53.53723673,65.22982602,32.0270809,42.19342596,781.688423,42.66642711
7/14/2013,734.5490474,0,21.61057632,43.49282226,43.49282226,0,96.8877286,6773.273308,0,42.94932223,65.10318546,43.37506191,32.45397649,680.6106479,108.0048303
7/21/2013,816.7327239,0,31.44545306,41.73924518,41.73924518,20.91647552,73.00240844,5825.99269,0,0,167.2725832,62.51547745,31.3318273,701.081215,114.7144697
7/28/2013,746.2477532,0,0,21.01742619,21.01742619,20.75265799,115.3452542,5406.640575,0,42.43153455,63.05210239,31.50383671,20.78983803,829.5150092,73.2617159
8/4/2013,821.7700785,20.94337963,41.25015381,0,0,20.78078244,113.9565058,5955.757662,0,51.99380142,62.06015369,72.54642387,41.78588808,915.1416063,103.7930241
8/11/2013,666.7685019,0,84.93547701,0,0,0,115.7350646,5951.64308,0,42.31442145,137.3190841,63.17842662,31.61440025,770.241366,126.6597146
8/18/2013,442.1167973,0,146.4826509,41.96472547,41.96472547,21.15429413,41.95118647,5744.357063,20.92609299,41.95734837,63.02475736,136.7213274,52.5649186,832.2834211,104.9409043
8/25/2013,744.5885756,0,40.88865178,40.99860035,40.99860035,40.90083915,82.44484386,5295.028928,0,30.95001214,82.02170673,247.9438383,20.48705813,930.6738459,144.429396
9/1/2013,612.157379,0,41.50700774,52.0949096,52.0949096,41.74824262,165.7100025,5761.745496,0,41.25293471,31.21381779,290.2815219,0,726.7123739,248.6569084
9/8/2013,791.9981038,0,19.21589501,96.97325089,96.97325089,19.22162255,183.7405293,6343.842815,0,38.59897265,19.33115047,588.4025322,28.91842547,1022.718253,270.2115483
9/15/2013,820.8117299,19.59373289,48.76722547,68.39419756,68.39419756,39.05690575,214.8626933,7266.318334,19.54336338,29.33792289,58.75174599,791.0743848,48.85978203,819.6279162,390.0762845
9/22/2013,846.198721,39.403242,39.36208497,39.50334635,39.50334635,59.03395368,255.7371227,7104.103983,19.66024694,59.01605764,88.80242266,1100.958613,88.58917589,995.0728423,530.6620321
9/29/2013,918.1568468,39.36804032,29.53627341,108.7983259,108.7983259,0,325.491864,6889.231959,29.68452035,49.25336808,69.01108144,1645.755013,49.20234754,1046.001539,561.4902969
10/6/2013,890.1065745,20.37404363,60.53385833,101.8394881,101.8394881,61.08526591,364.6283336,6077.107134,0,80.73243004,60.82401409,1444.80825,40.43378569,1052.136031,474.3231932
10/13/2013,833.7470311,20.17987276,40.64634481,101.7361998,101.7361998,20.18588763,304.4714138,7050.770966,0,71.154809,101.9191685,1522.068004,30.52060017,1047.868103,527.5984911
10/20/2013,809.6782058,19.59273356,49.41056487,49.54924884,49.54924884,19.73629979,315.9167722,7690.147699,19.91036655,49.38049156,59.37705764,1390.385331,59.51533408,948.3625598,483.0616823
10/27/2013,916.9111806,20.16489377,40.41457746,70.73233799,70.73233799,0,251.0365374,7651.376202,0,70.4153907,101.0199668,1026.22246,141.1527511,1058.410293,442.4666793
11/3/2013,779.0700654,19.88812849,29.88351688,49.92172311,49.92172311,59.76674302,319.2826169,7588.270296,0,39.91019087,70.00242739,997.2096362,89.94474422,1038.927687,309.1840279
11/10/2013,1032.928146,40.11551193,80.10472315,120.6819728,120.6819728,19.90336511,260.5149962,9132.249319,19.89743443,80.30540381,110.5836368,791.4257713,50.17629002,1293.92802,410.2523715
11/17/2013,856.2323066,19.67855516,59.15957842,39.40371867,39.40371867,19.38106518,304.8213237,8245.404231,0,49.33742601,199.7543196,717.8120418,29.47290489,1111.872569,343.9920038
11/24/2013,806.3802894,21.22825831,63.30658602,52.98966825,52.98966825,21.18786115,190.2622108,10193.96124,21.15371081,52.89487251,264.8679846,412.4474203,84.83568983,1091.349855,253.982989
12/1/2013,861.1433591,56.76412045,75.77389412,132.825555,132.825555,37.78944875,387.2781698,8302.620879,37.85794926,56.6102603,160.7432014,509.8826529,47.31432894,1116.125383,396.555057
12/8/2013,862.3046061,19.58080974,58.42478885,68.56691101,68.56691101,29.30942331,362.1373292,9625.137317,0,58.71549725,245.0051526,342.4717246,58.54690695,1098.025179,332.5429942
12/15/2013,886.3052709,20.06447871,100.8657736,120.9329547,120.9329547,40.17153187,322.3355022,9191.811258,0,70.42907239,252.1902267,301.8540179,70.54578856,1067.906979,563.526604
12/22/2013,1148.40951,48.50437792,49.01190077,195.8986991,195.8986991,73.27572519,415.5327782,8502.629755,36.75017646,85.39473522,391.4365206,366.2005175,109.8622035,1282.831147,573.5230977
12/29/2013,886.2145174,75.56147061,107.7700172,367.5704924,367.5704924,0,864.5750099,12369.1808,32.35775034,118.7319949,541.336071,647.6559845,97.17737298,1177.554495,884.8626049
1/5/2014,909.7507204,49.81046625,110.0615804,260.3046201,260.3046201,39.87637629,779.7520523,12643.83482,20.17745109,100.0637343,280.1469325,919.0574843,89.78094911,1500.305478,968.2187421
1/12/2014,946.80074,59.38061403,98.55397023,246.6293099,246.6293099,19.61840337,925.8705999,8140.496256,19.83270967,118.1013018,395.2148187,610.3893923,68.93595112,1301.652662,925.5047989
1/19/2014,948.8102872,39.05214329,107.700776,205.313501,205.313501,78.20628676,858.18585,10930.42686,0,78.17669488,419.9984087,438.7275301,48.92524915,1317.755906,848.0800536
1/26/2014,1229.336794,66.71708458,95.39593426,210.2113463,210.2113463,38.36391693,675.7211632,9628.945463,19.09078765,104.5173256,286.2678639,285.8443393,76.07191032,1336.167739,819.3279581
2/2/2014,1211.549201,49.62502551,139.375582,208.9828496,208.9828496,59.73203192,715.291956,8491.31791,59.85448818,139.2817987,348.2689294,288.0476477,69.51038093,1391.903532,586.0220376
2/9/2014,1247.397797,46.91090911,102.779172,159.530186,159.530186,46.89939824,637.11491,8959.986108,18.59004584,112.4968843,225.2393314,158.8749497,46.80587311,1388.464281,514.9231436
2/16/2014,833.3938365,39.67877282,79.35754564,109.4843673,109.4843673,59.39294465,515.9370065,8014.620528,39.83988758,99.1514527,268.1034223,168.5210748,80.3539213,1409.370909,465.771376
2/23/2014,1058.675819,18.77177044,94.22024734,141.809611,141.809611,28.27783242,491.2900109,8322.742193,0,56.75361474,387.5230853,122.5638024,56.66508346,1303.455406,472.1542485
3/2/2014,1276.413275,19.14508099,66.8004472,95.28508044,95.28508044,57.31707569,485.4362139,9063.363305,19.16821704,123.6146145,171.5126656,66.43967892,57.09353545,1428.465427,399.0132811
3/9/2014,1355.692533,38.91639643,86.71774213,116.3303163,116.3303163,38.55634551,377.3979185,7913.131018,0,67.9089998,280.9998493,87.18601545,87.01189792,1444.257602,483.4691905
3/16/2014,1251.198317,59.3239711,39.54931407,59.03781035,59.03781035,29.46914409,433.6182867,7550.474818,19.7985539,88.38953035,275.8620819,78.5125555,118.1843018,1318.981747,314.6917287
3/23/2014,1443.568525,28.56132881,37.88236091,142.6306028,142.6306028,37.98666652,427.3835334,7646.338771,18.98767374,66.31506197,294.4780166,57.10976231,57.14692151,1197.87396,427.1846878
3/30/2014,1177.150194,19.44344867,57.85243411,96.62764743,96.62764743,57.95616678,346.6186838,7502.180674,19.29587012,76.99433718,164.3262419,144.6191201,86.88067863,1321.876001,394.8042163
4/6/2014,1359.68873,19.85628612,79.5346924,119.0646448,119.0646448,59.54800983,308.0943807,7680.332827,69.18302565,59.41993205,248.4036943,49.626947,129.0585598,1112.779719,505.7337003
4/13/2014,1173.957581,20.27639877,91.90839875,61.40008893,61.40008893,40.69397417,357.426424,7706.247818,41.13621824,50.9445712,194.1682671,51.10582356,61.21882364,1286.198914,377.715144
4/20/2014,1045.668368,64.69605268,42.96693657,140.0940174,140.0940174,43.14355743,377.0394407,6910.529098,21.56351181,193.6036819,269.7583658,53.96415105,43.22085255,1196.000068,366.0922039
4/27/2014,1065.995277,40.86995327,51.05517099,102.4218048,102.4218048,20.45096557,143.9103402,7206.495844,20.51198226,92.26234306,164.1898952,20.48064226,20.49596798,994.5826836,225.3784754
5/4/2014,1089.361509,20.73856013,20.97715908,83.15221123,83.15221123,31.04239537,166.0752827,7366.695083,41.64553717,51.88009855,62.10218634,62.07149323,31.14441433,860.4696821,258.7134985
5/11/2014,1004.227314,21.19361466,53.62728009,75.14110776,75.14110776,21.53443667,288.553313,6805.369583,32.14852973,31.98134439,117.722988,42.43781073,64.48662733,1024.789886,224.154072
5/18/2014,1232.517801,0,23.24618678,23.03703886,23.03703886,92.92866466,149.5627812,7111.132963,23.27427885,80.43357863,80.47380223,69.06222523,69.01741536,1092.667504,126.3544024
5/25/2014,1073.895289,0,50.62090158,0,0,25.29518514,151.6719027,7465.001643,0,25.25396491,38.00005212,75.62098408,50.49899694,796.3279852,75.60574166
6/1/2014,1011.965899,0,24.51804917,73.0417468,73.0417468,48.5783858,97.41374277,6845.233139,0,73.03173238,97.71600777,97.24372575,36.544554,1073.779344,182.8250445
6/8/2014,965.9335639,0,23.81051427,23.87454015,23.87454015,47.63522258,130.8779273,6689.114102,23.9076653,59.65081467,47.85350169,47.61394233,47.64260816,786.9693607,131.2180437
6/15/2014,1027.809323,0,49.96402192,25.09059158,25.09059158,49.96755079,87.45368097,6792.227585,0,50.09884715,75.27156443,50.20377398,50.01173405,927.5285166,149.9867648
6/22/2014,858.3826829,0,0,37.97955347,37.97955347,0,139.029349,6579.752353,0,37.78665627,75.95130566,24.91679867,74.81735664,870.5265204,138.3578847
6/29/2014,690.8743954,0,53.83368442,52.73587198,52.73587198,0,92.99872999,6636.292695,0,79.77953464,53.15366822,26.58087838,107.4080856,878.7164769,106.291412
7/6/2014,831.5358877,0,25.56217278,51.26181765,51.26181765,0,114.8234575,6005.968434,0,25.49635562,51.03424992,0,38.36184321,919.1090855,153.1791486
7/13/2014,865.4861071,0,48.21262065,49.38103788,49.38103788,24.11349551,85.14878021,6246.162544,0,123.3409739,61.01810535,72.92935746,61.03984701,840.9656391,97.48235359
7/20/2014,908.6775992,25.0037885,24.80166879,24.99624588,24.99624588,24.80906124,87.04793973,6464.920401,0,49.92109191,49.86475272,24.8800247,24.89864248,797.5789519,112.0715651
7/27/2014,848.8738449,0,23.85937312,47.59223492,47.59223492,59.70889747,95.53344377,5788.007238,0,23.95728004,47.88269264,23.83740384,0,810.600009,154.8499541
8/3/2014,806.2066973,0,25.50574095,51.14837899,51.14837899,25.68914648,102.3751331,6542.948997,0,51.34732352,102.5427472,64.11558628,25.64274826,705.2031548,191.8557946
8/10/2014,610.6884197,0,0,35.98879949,35.98879949,23.79417863,96.17079558,6376.827747,0,23.91487605,23.95411253,59.7094096,24.00651181,838.3705368,107.4881712
8/17/2014,685.1656359,0,72.17538589,49.8362313,49.8362313,24.06563289,110.3563881,6786.132602,0,24.06563289,49.03206465,61.00747598,36.67474706,893.8236274,61.09531067
8/24/2014,671.0740393,0,24.83425997,24.86366975,24.86366975,24.83040136,173.4746603,6668.283674,0,37.3031292,37.23941813,149.0764825,49.83282439,918.5437757,136.2766039
8/31/2014,700.0103152,0,60.43572029,24.14082646,24.14082646,24.08326264,108.5275059,6133.338724,0,48.16652527,72.51722009,157.0436533,0,507.3166171,168.8944618
9/7/2014,858.3271479,22.62298329,22.62298329,22.61615887,22.61615887,33.8737133,180.5177581,6991.256219,0,45.06344275,33.80221771,427.9047007,67.61445833,913.2913994,202.6305031
9/14/2014,771.8924536,0,45.61785675,79.72961073,79.72961073,45.3347111,193.2458675,8189.020193,0,68.05473641,57.06427716,772.5483349,91.02562707,1035.742392,465.5899181
9/21/2014,675.4374024,0,56.45413789,45.04660355,45.04660355,67.78336859,247.0878101,7673.012044,22.63541291,101.5002594,33.73414548,1359.841852,90.06209477,1203.590429,471.8523551
9/28/2014,622.7799606,21.4347042,32.28785221,118.3323766,118.3323766,43.02446398,247.4739746,7293.139613,0,85.76215659,53.61855264,1384.418916,96.60047056,998.6717302,547.0324599
10/5/2014,863.8008039,54.74458386,54.46915591,87.68993722,87.68993722,21.86689267,415.2186676,7440.30469,0,43.5993182,76.68575333,2119.373197,120.2215183,1137.723292,633.7182578
10/12/2014,768.8367445,22.45419868,56.60953318,135.6351688,135.6351688,22.76299725,452.1008157,6975.246257,0,79.30538039,101.7362884,2067.350137,22.61141593,1085.993267,937.5209083
10/19/2014,797.946177,22.48218056,56.24488497,67.38073994,67.38073994,45.06367202,403.8759736,8121.54447,22.48218056,78.79453771,78.6860587,2053.656762,56.20987695,932.160273,717.5384118
10/26/2014,842.5413953,67.98764005,78.88699988,112.1081548,112.1081548,33.71768142,347.4375433,6474.81416,22.68993345,56.13201323,56.01008387,1535.461866,56.13123925,910.0270177,604.7423747
11/2/2014,1073.110494,33.27381474,77.54597597,66.27397823,66.27397823,44.66356015,198.7461228,8457.001704,22.37226064,44.25186354,55.25588309,1193.876674,66.48631941,1052.77157,486.3984596
11/9/2014,900.6618852,0,55.9864749,101.3316883,101.3316883,44.95205469,325.7390516,8228.027897,0,44.81384177,56.21452185,898.0702683,101.1858066,1190.688429,595.022781
11/16/2014,909.9799314,22.54610477,114.0407544,102.2075459,102.2075459,22.71877304,296.0519576,10019.6438,67.63831431,56.84268036,114.0530719,749.7168549,67.97120687,1205.729658,227.03363
11/23/2014,839.104839,23.97246373,60.15758589,48.00170586,48.00170586,71.40996078,227.8448331,8511.38898,0,59.83725237,192.1143662,562.9848489,132.1652486,1079.368174,263.188311
11/30/2014,1128.082902,0,65.17943523,32.61210241,32.61210241,21.87255765,249.2810343,8182.84247,0,54.23765736,130.0440199,465.7570896,64.56704915,1204.235845,454.6595133
12/7/2014,1067.757279,32.73152227,54.50683182,152.6076775,152.6076775,43.57299043,391.6500005,9721.178215,0,87.18198733,98.05557477,467.9661845,43.5430775,991.0047937,424.3958371
12/14/2014,1345.795661,0,58.18686893,162.5022221,162.5022221,46.87277992,394.2729787,8047.975161,23.20124255,58.13404443,267.1239984,451.2957551,69.64321673,1229.839272,532.652386
12/21/2014,1232.946207,56.2089434,139.9049086,196.4808299,196.4808299,69.78413406,714.1714751,8491.196351,0,70.08618524,336.5923709,307.8951447,56.1361986,1468.852016,770.2136009
12/28/2014,1012.791254,52.58527044,105.0049801,329.7425852,329.7425852,26.28855002,1208.45005,10033.00188,78.91578182,65.77431112,223.9292469,276.3142462,105.4715214,1446.99669,919.2195463
1/4/2015,1040.390522,34.60934057,161.7043789,301.0456676,301.0456676,80.97998763,1086.077358,16348.30212,69.06787463,92.57143868,254.9488794,461.6151533,92.46968215,1490.871897,1143.605938
1/11/2015,967.4078375,34.44244728,172.7917968,426.5750803,426.5750803,57.31413306,1046.004838,10658.20735,34.61531903,45.99875746,288.1195242,436.3039921,126.2999061,1519.933638,1114.304144
1/18/2015,983.7558744,103.8167495,208.5081838,417.2183091,417.2183091,57.93711574,1434.867497,9771.09151,69.49636483,184.3562541,382.1881048,404.5335368,46.38842399,1585.853027,1491.753577
1/25/2015,1099.729394,69.4371228,173.6656795,394.0543102,394.0543102,46.60182027,1247.812106,10416.87906,70.0294423,161.5608373,243.3692322,220.0212101,46.18973598,1319.418434,1109.455847
2/1/2015,876.9371812,33.74784601,112.5399445,314.4764446,314.4764446,44.8249956,919.5655051,9494.953918,22.46509079,112.579021,303.6043558,168.5600213,67.34265498,1325.566274,852.1117838
2/8/2015,1218.923152,33.76776854,101.4453575,203.4901836,203.4901836,0,597.7443365,9174.102107,22.5729131,78.98350091,383.9594293,191.8129286,112.6851594,1242.612452,709.614424
2/15/2015,970.6095841,58.16856968,70.06700453,174.7571998,174.7571998,23.55908429,595.3667361,10965.69756,0,69.90543897,350.959521,81.62063621,23.35162371,1286.20366,653.3409353
2/22/2015,925.8839165,45.28844597,112.9114713,169.2962802,169.2962802,33.80217827,542.124192,10584.57772,0,78.9392152,271.3076879,146.7916945,33.91326709,1276.345395,552.4581609
3/1/2015,1281.896727,22.47043737,67.72119996,192.750271,192.750271,45.33074587,498.356318,8435.672909,44.94087474,68.10114123,158.767538,113.2401099,45.62653632,1438.609066,565.7651488
3/8/2015,1296.126965,0,70.030514,152.0808589,152.0808589,69.74673388,408.1208814,7902.771349,23.44785015,46.53623034,268.8200847,128.4177804,81.92427662,1552.732942,500.9541232
3/15/2015,1049.134855,46.48828182,69.09217698,138.8609719,138.8609719,34.54592044,415.3707974,8518.474476,23.27223051,150.0097666,266.1922293,80.75106277,137.7742105,1547.316319,564.9727655
3/22/2015,1489.159193,36.52002682,97.59157809,122.2512684,122.2512684,36.51984917,426.9826498,8359.145235,24.60889067,97.41161697,293.1206315,85.46735335,109.722148,1818.840469,499.4031215
3/29/2015,1489.617614,22.73390468,34.17243303,181.9772886,181.9772886,113.5189758,500.3167249,8206.684228,22.74772768,56.9976978,272.9241721,68.23417625,45.45993577,1706.093677,477.0052044
4/5/2015,1223.517592,0,67.30574263,134.4472211,134.4472211,56.01383393,392.8968833,8157.618864,22.44888894,123.2751182,190.4697361,67.14975905,22.43136246,1458.050022,604.4877436
4/12/2015,1319.474856,23.14950591,81.09615517,196.7255066,196.7255066,46.51900638,346.6788677,7815.191216,23.30166543,92.55556971,220.3366832,92.51276104,80.86872243,1632.732063,404.6661383
4/19/2015,1227.58567,24.0729543,59.95501001,120.6230806,120.6230806,72.67183342,312.3841072,7680.631534,24.26785495,84.41683637,241.2310162,36.12661858,24.06878562,1167.234162,396.5777776
4/26/2015,1148.540255,23.18478734,69.40837085,92.62598133,92.62598133,46.37556924,208.8390123,7984.726895,0,139.1267077,208.805082,0,69.72995967,1206.244376,277.8773477
5/3/2015,1097.185507,0,35.70936082,119.3081009,119.3081009,47.97175464,166.9182034,7536.549905,48.0587125,47.69075247,202.9644611,47.5687303,59.77526439,1252.612816,250.1387033
5/10/2015,992.2263284,0,61.30274385,49.15629015,49.15629015,24.48645009,171.0676406,7007.287784,0,49.09378378,183.9491253,48.93541011,73.29766125,858.1476658,195.9682417
5/17/2015,947.2440748,37.76050684,37.91935512,25.49455638,25.49455638,24.96094247,138.7569595,7364.256654,49.90700953,75.6451646,88.22688552,49.96656443,25.22225219,1336.801519,327.7413721
5/24/2015,952.5659172,25.8327665,26.28547206,52.55508561,52.55508561,26.0545296,221.6254641,8339.34107,0,52.23768402,104.5924296,65.03186421,39.02837364,1211.37925,143.1976465
5/31/2015,771.5399319,23.92344381,0,48.52408582,48.52408582,0,156.4839777,8060.720363,0,24.24010616,48.14080254,36.06061133,48.28166715,831.350089,96.45458491
6/7/2015,1079.600375,47.81091579,36.46287902,23.96973908,23.96973908,24.60096328,109.0389881,7109.750923,23.90545789,84.66125992,97.36404795,23.93398469,47.91084902,959.5535629,133.2069299
6/14/2015,981.0893883,0,48.00365865,24.44442503,24.44442503,24.43705336,108.8972694,6761.781975,24.00182932,48.43007087,48.61875166,48.40767107,36.38193856,1065.684601,108.8372722
6/21/2015,910.1653097,0,25.74004523,24.87263923,24.87263923,0,126.4266147,6024.71754,0,77.1270433,76.11928941,49.67107608,49.71557092,732.9687932,126.1820626
6/28/2015,1039.136394,0,0,28.11038437,28.11038437,0,112.0934088,6210.182239,0,84.77878169,28.11030584,56.4171676,28.22556669,940.4414703,140.1048787
7/5/2015,843.3256985,54.73630058,27.01810507,0,0,27.35164356,108.5640584,6311.067678,27.01810507,54.05231632,27.22523043,54.33612871,27.30224264,843.5623051,95.32387522
7/12/2015,899.7217882,0,80.96543495,26.98033699,26.98033699,0,67.16930735,6481.950844,0,107.8237699,121.1428836,40.29202682,26.76418828,751.8216362,107.2630064
7/19/2015,895.53469,0,26.87076645,27.34499659,27.34499659,82.01025062,162.7526326,6875.726865,0,40.72355288,27.14341028,53.80566361,27.10668484,1029.724239,107.9966743
7/26/2015,702.6226962,0,26.5076367,26.57891508,26.57891508,0,105.5515593,6235.208682,26.5076367,26.46513679,106.0342297,0,26.56304233,768.2273735,39.61588412
8/2/2015,674.3445018,27.0854765,54.17095299,54.10889407,54.10889407,0,40.49689256,6350.164884,27.11820819,26.94534266,27.06914026,53.75279993,67.43712913,835.6128346,134.6237415
8/9/2015,800.5869977,26.5503745,53.21529077,106.4870712,106.4870712,26.81652143,106.8740702,6741.690716,26.86513144,53.11657634,40.14499474,66.61183974,26.76808702,813.9370879,146.5728976
8/16/2015,717.0570218,0,27.22420395,27.21599152,27.21599152,0,108.060111,6323.738429,0,26.83883278,54.11851641,148.4567976,54.3172859,1053.891503,134.9714399
8/23/2015,733.7588405,26.59692349,53.45955663,0,0,53.20970208,120.0854101,5795.753861,26.72667152,79.81455312,40.07611567,159.9514107,40.01582077,880.2143096,92.88755637
8/30/2015,836.5012173,52.92890526,25.8286586,26.45646938,26.45646938,26.44849096,144.1122,6235.510316,0,79.29764558,52.46903394,195.6307563,52.28032941,797.7278048,182.8907921
9/6/2015,603.5517863,51.67625054,76.895247,25.83033097,25.83033097,25.82254136,140.8355995,6396.723353,0,38.35896819,64.21285877,306.8681576,51.55180443,731.2595947,179.2029125
9/13/2015,719.9443409,0,48.53880767,61.12537307,61.12537307,0,183.1139482,6808.538176,0,97.27598362,146.3396961,487.1998053,24.39356536,1109.623147,255.9110777
9/20/2015,775.3846124,24.43864102,74.3878587,74.05721899,74.05721899,24.61330049,234.2595966,8208.349432,0,49.07524522,123.4530169,958.6681141,24.48972208,1244.050157,295.4272995
9/27/2015,902.1504625,23.51019233,47.02038466,59.50029774,59.50029774,59.29424506,190.0454959,7884.985535,23.51019233,47.47652754,71.22455907,1234.017818,59.31454644,1234.039221,438.960758
10/4/2015,867.6257594,49.45412675,74.19303317,136.766039,136.766039,74.5421021,285.0923088,7993.688825,24.8399635,24.771667,111.5995246,2030.544886,49.55747553,1314.038427,569.3128815
10/11/2015,861.2418154,24.74029885,49.32242514,73.72055155,73.72055155,49.15998514,418.021853,8545.782119,0,49.14508237,73.83857005,1842.809284,73.63918281,1278.146914,748.6506981
10/18/2015,1058.95702,23.17475397,69.80273853,128.0672893,128.0672893,23.34588671,266.9796648,9213.670005,0,92.89869422,46.69503899,1742.389165,69.66957985,1512.561513,604.0365941
10/25/2015,846.935665,92.06911633,46.46849974,81.10495669,81.10495669,23.15772947,289.0465945,8142.866251,0,69.32376325,93.16519378,1630.254014,46.22090845,1123.865699,601.3683276
11/1/2015,853.1226701,23.19002262,46.5829814,70.40289862,70.40289862,23.36142351,443.7340039,7397.689894,69.57006787,58.45060063,151.999609,1389.185378,70.17757386,1143.684597,594.7625379
11/8/2015,1010.141444,59.18955474,23.76561101,71.26697573,71.26697573,59.61317151,380.7709067,7584.015155,0,95.41400087,83.2243374,974.3891088,47.52299111,1140.802088,474.6387705
11/15/2015,1060.790495,0,82.37159099,82.60003166,82.60003166,23.3493477,223.8859137,7940.221329,0,117.725651,129.8699822,612.1863607,58.73664264,1060.330907,352.9986196
11/22/2015,907.983631,0,53.39781401,40.03158927,40.03158927,26.69475868,320.3970571,8344.077944,26.7881623,80.20796905,106.5606873,534.1577158,26.69428359,988.6328628,293.0174992
11/29/2015,1049.484976,45.44523624,69.36933421,46.09304231,46.09304231,46.83814398,207.3080104,9194.278667,45.44523624,69.44806739,115.5097013,668.8395965,68.31033719,1153.521916,276.378203
12/6/2015,1111.835756,46.13561712,115.3390428,69.591457,69.591457,23.25719534,312.5811199,7739.264852,0,138.6977243,173.9259264,660.0686219,34.79543234,1263.193037,335.775408
12/13/2015,1173.265353,0,71.37590808,130.7479714,130.7479714,35.60248883,319.7725441,8627.656226,47.86132955,71.17625273,178.0639901,402.2032576,82.86148924,1291.268964,461.3009929
12/20/2015,1080.023695,29.53388548,73.19474791,116.9492369,116.9492369,88.54821755,466.1300522,9102.921667,29.56957597,189.4223035,321.0922625,277.1435621,43.80299014,1342.461778,568.0181662
12/27/2015,1232.147092,45.90859256,81.20058557,81.53744994,81.53744994,34.89403871,278.7971701,10230.39068,0,104.2537996,278.9818825,301.6930681,57.99560268,1614.271855,498.5069534
1/3/2016,1155.092887,37.69493461,37.27853864,37.32268546,37.32268546,46.64540913,353.7671848,12063.12176,0,139.2655668,186.5288713,316.497709,93.3310618,1556.113101,539.8055603
1/10/2016,1319.183217,26.95923232,26.84629718,125.867415,125.867415,26.84616659,304.7592526,10009.388,18.0312987,80.6215914,278.2023814,277.4010735,71.51054963,1317.926492,349.2735437
1/17/2016,1324.529343,37.26325178,55.6602365,65.42231652,65.42231652,37.14855474,353.9486411,11170.83445,18.47886959,65.1291631,233.5484774,148.8376903,55.73440641,1594.202683,334.8868504
1/24/2016,1216.155679,19.17205801,76.70846516,66.9556552,66.9556552,76.46408007,325.462303,9266.383239,38.29075693,86.17494215,191.5233125,152.9545266,105.3288664,1446.541914,468.2668494
1/31/2016,1163.433145,36.52070193,91.30175483,129.3241892,129.3241892,54.79738108,276.6952408,7895.080432,37.2883448,73.62549256,341.3421876,184.1567105,55.38617508,1559.392811,359.3987713
2/7/2016,1165.774777,27.02920965,45.20028889,126.7249902,126.7249902,36.00358735,252.8991781,11406.65419,0,90.34555627,280.3420974,162.2153992,81.20757839,1400.132041,396.4255266
2/14/2016,978.6509374,28.7299767,57.0588029,134.4220357,134.4220357,28.72983695,297.0851714,13804.68348,38.4105492,86.27843264,297.8090795,153.2465962,48.01453632,1478.115046,498.0504946
2/21/2016,1121.905941,18.23594773,63.99806064,100.3726405,100.3726405,54.59274857,473.8123492,8507.964524,27.43351229,81.87254085,273.6157387,118.3098964,36.53937451,1550.077094,582.7660674
2/28/2016,1300.256751,17.78825863,71.06901938,178.0778446,178.0778446,35.68902545,453.312955,7733.429132,17.78825863,80.091306,231.4513438,97.8957059,89.03294557,1645.749147,720.0003544
3/6/2016,1181.126919,28.28290539,160.4284353,283.9413227,283.9413227,0,708.1822372,8210.807533,28.42486149,104.1362663,255.4255106,188.696142,85.20361378,1559.123478,821.1083855
3/13/2016,1353.430113,57.20628392,162.1445077,286.3701501,286.3701501,47.60876505,714.5860494,8437.633137,38.16071154,114.3601125,191.1708129,142.9239751,66.53619481,1506.306342,714.0931913
3/20/2016,1312.561032,37.00439493,111.7531459,120.9479909,120.9479909,46.67090347,529.7578994,8680.234337,18.50219747,111.4816864,232.8078046,102.1997794,93.01387907,1647.732715,604.4983708
3/27/2016,1329.731645,45.79999426,82.48619118,137.7802649,137.7802649,55.02074524,558.4062374,7897.377358,36.47598012,82.65859011,155.8937951,146.6865302,36.67984402,1330.653888,695.8290172
4/3/2016,1257.135525,18.07515835,18.07515835,99.66148695,99.66148695,45.02239298,361.3386601,8605.360058,18.33722675,36.13374266,225.8397033,72.15832054,27.07147036,1247.446973,442.4757572
4/10/2016,1304.21351,28.01341324,37.27298351,149.1788712,149.1788712,56.43454294,241.9464017,8322.05005,27.90739365,55.78055516,112.0350806,18.61933161,37.1911133,1184.271076,400.3034707
4/17/2016,1155.083842,59.16638197,79.01269661,88.71240689,88.71240689,39.31119701,394.3782626,7219.822716,29.6692681,98.45612228,158.1412568,39.34638006,59.15613621,1271.566515,433.4330983
4/24/2016,1126.165004,0,84.25185953,112.6376906,112.6376906,56.41753037,355.9265916,7411.963281,18.92159661,65.4931206,168.5675037,65.55397722,56.27331576,1048.950384,355.6896886
5/1/2016,941.6974126,0,27.20513952,90.51398502,90.51398502,45.29279423,198.6786993,7735.926464,36.33536576,117.3373101,63.37973995,27.08524001,0,1158.447335,162.4083044
5/8/2016,1373.811821,19.32842516,38.387678,28.8710058,28.8710058,19.19085677,221.0211449,7621.011959,19.05944384,38.37007819,76.86606185,95.41093905,48.01512362,1353.969667,239.5177429
5/15/2016,1205.168068,19.28278906,29.07874928,38.80580476,38.80580476,19.42358995,184.5255391,7994.573964,0,38.57707307,87.47922698,67.88982102,57.96928045,1319.535614,213.5070109
5/22/2016,1082.000099,19.67489402,39.55128801,59.18339796,59.18339796,39.36151673,118.8585612,7776.141532,0,19.68075837,69.47067172,49.67428098,69.54175345,1209.649519,237.7662261
5/29/2016,1173.825661,19.9596204,39.9192408,20.06997855,20.06997855,20.04312428,140.2598165,8108.005581,0,39.96299641,110.4297626,19.98343856,80.0899498,911.8328043,170.3016665
6/5/2016,1150.061699,0,36.89760871,27.57480048,27.57480048,37.35493771,92.12753619,7088.997826,0,37.33242117,46.15594682,45.97345127,18.38771724,763.2830204,128.5789431
6/12/2016,1154.400983,0,45.27797023,36.5457593,36.5457593,36.17314203,99.57209332,7302.74917,0,54.25971305,54.52209312,18.16313397,18.23437569,981.5676754,154.1632893
6/19/2016,918.1883439,0,25.54353146,16.95948783,16.95948783,33.83809583,152.4734912,6796.909452,0,33.83809583,50.96367437,59.45757292,0,959.9500266,152.7532168
6/26/2016,1007.881344,0,17.15496966,0,0,51.43386862,76.68872099,7057.867606,0,51.22543426,76.84869044,51.20174154,42.73461118,803.035284,102.1068482
7/3/2016,783.0964741,0,18.00514785,18.12761051,18.12761051,35.76549804,81.0388858,7327.53595,0,36.09357383,54.07925984,45.00914578,71.93525885,856.5243021,71.79252112
7/10/2016,791.7054472,0,0,35.02089365,35.02089365,17.29421349,113.2164282,6912.753942,0,26.04336501,69.6917237,34.61938322,43.46318278,957.4139769,26.10548242
7/17/2016,938.936882,34.88183085,25.79682916,34.15063028,34.15063028,0,94.79453211,7817.503597,34.05904635,51.48744557,69.09538183,25.79117845,60.27389275,929.8807965,77.42495641
7/24/2016,887.5484627,0,0,17.00976715,17.00976715,0,101.3796612,8548.110795,0,16.99438761,84.62137116,16.88873755,33.87115697,998.3594001,93.09008209
7/31/2016,900.2187043,0,34.25207258,51.75761931,51.75761931,17.12337534,102.8095038,7897.835532,0,17.23694073,128.558417,51.04491223,94.0729332,798.086737,119.8689001
8/7/2016,802.8771709,17.1438995,17.25031888,25.86464233,25.86464233,17.34624246,51.72740668,7625.247001,0,25.91141733,34.46362578,77.44653281,43.08342601,871.9685154,77.63216232
8/14/2016,742.3594336,0,18.63810732,56.06467419,56.06467419,18.89043663,131.3293424,7562.018656,0,74.83702986,47.02244094,46.92080825,28.18791636,883.233956,93.80764552
8/21/2016,892.3011116,20.07993609,40.15987217,20.13393054,20.13393054,20.08592117,59.84567615,7575.082606,20.01637962,20.08592117,50.01294656,160.0541033,40.06447249,951.7976495,169.9005376
8/28/2016,805.6567365,0,38.53539595,28.84882049,28.84882049,38.24011255,76.5694086,6982.276594,0,19.0958756,76.63405895,239.6384249,57.60491746,891.3438491,220.5509468
9/4/2016,619.8715531,18.2063319,18.24762075,127.5653676,127.5653676,18.22425092,118.4753644,7202.172781,0,45.69834262,109.4196897,400.5502186,45.44917801,938.3713307,273.0011468
9/11/2016,975.7323081,0,71.62421694,54.26492268,54.26492268,54.24855811,98.12710413,7733.099602,0,71.57793884,89.49516182,544.8116493,54.15057757,1260.819758,321.6870927
9/18/2016,1018.912129,0,54.03198115,63.06865569,63.06865569,27.06443177,225.293841,7781.088438,0,54.53292599,71.96535481,791.8148351,45.05529534,1081.175937,368.6621404
9/25/2016,894.8492327,0,74.02848847,64.67968039,64.67968039,73.96591979,258.0872939,8730.016186,18.52499925,46.08025724,83.11308788,1416.426575,46.00508169,1318.147989,459.7970733
10/2/2016,913.1810687,45.15264781,54.2515001,72.33402995,72.33402995,36.16204721,280.3303261,8309.168727,36.06479111,72.1017214,99.61935655,1743.520961,99.40727034,1357.448929,559.4916164
10/9/2016,933.0533498,36.95912753,36.84276446,120.0372394,120.0372394,46.24574051,230.9434067,9066.074989,0,55.41327401,138.8021299,1431.041065,46.15351887,1339.333651,553.4936356
10/16/2016,1161.433341,26.94107868,53.99549122,90.18561395,90.18561395,35.98022335,359.3855587,8165.351609,17.98475109,72.06073191,108.0374221,1510.40623,117.0792229,1098.341605,548.5280674
10/23/2016,1091.278316,36.64313002,73.40162822,64.06925363,64.06925363,45.85034322,275.447628,9173.288752,18.33893246,64.14684838,119.3547745,1272.521767,73.34771046,1017.093153,485.1773182
10/30/2016,1070.462329,18.31400293,54.17499736,117.9699708,117.9699708,18.13164149,244.8626982,7544.865789,18.14548549,45.46611922,99.81648255,1105.183435,45.29160493,1142.482957,471.4131943
11/6/2016,953.1510095,34.86025606,60.51156511,78.17089652,78.17089652,34.83923058,224.7561437,7944.275776,0,103.8758126,103.8721589,803.7410036,34.60317667,1082.324259,423.8141689
11/13/2016,1033.544,17.8164756,35.5207635,53.3413632,53.3413632,35.73155726,257.9611354,8585.152053,0,62.1809617,80.30902408,737.9190406,62.45501227,1381.025584,400.3460253
11/20/2016,1021.257796,19.17800643,19.06365438,66.75596725,66.75596725,75.81953015,238.4656547,9070.438683,18.94923448,86.11690416,76.60255205,552.5765719,133.653905,1229.112061,352.209418
11/27/2016,1047.444527,34.61077529,69.22155058,52.06086674,52.06086674,17.38204379,423.7385114,9636.515365,0,69.28572395,147.1525493,502.0467692,95.19816451,1401.424801,475.6865274
12/4/2016,1061.434257,33.28543603,0,25.03243547,25.03243547,24.99023739,258.610344,10818.87644,0,75.14058794,159.2065473,483.4375349,50.00961205,1477.719747,450.4163391
12/11/2016,1086.026065,33.19937461,84.21231364,101.0934534,101.0934534,33.67969169,370.9559041,15211.11381,34.21984444,25.20543924,193.6513852,311.6162429,59.04064529,1263.660018,428.8595475
12/18/2016,1287.7803,46.70586789,55.97654627,121.2915478,121.2915478,28.03845768,261.5410133,12279.5616,37.70990032,102.9385558,429.8287885,307.3920585,83.91252625,1558.195561,540.5902653
12/25/2016,1286.320852,41.00624453,92.6202106,123.8501522,123.8501522,82.37895719,596.6776642,10511.40739,20.69587811,154.2453618,576.8591877,318.3792953,72.09995655,1717.864988,791.5751714
1/1/2017,1235.105349,37.2602575,102.8481735,224.6230984,224.6230984,93.430329,587.6158174,11123.18322,18.70033312,102.7939952,580.4638303,401.6386435,130.8001327,2120.873275,727.6881267
1/8/2017,1333.824438,17.99931531,63.05427308,144.4247257,144.4247257,44.93869107,575.7159833,11597.56828,18.01025951,72.16376351,504.6574036,350.7011773,90.12666647,1719.82191,683.1378738
1/15/2017,1220.395954,26.38928642,88.00113727,167.1906597,167.1906597,35.20918133,526.0303458,9061.615265,17.740009,105.1904578,571.3630973,254.5852011,87.76484136,1553.798357,666.3128048
1/22/2017,1199.438626,17.24114481,84.8486739,264.130069,264.130069,59.38563085,569.5131735,8950.129013,16.78722242,68.20771483,408.7077273,365.3981404,59.49931444,1590.892767,951.8709299
1/29/2017,1551.838761,50.45067146,118.1780703,245.0118811,245.0118811,33.6007819,733.379734,9194.171148,16.86250931,100.9738188,514.9431643,311.5857111,109.623031,1643.632967,1178.609526
2/5/2017,1406.204995,40.46267695,138.0436885,268.2667133,268.2667133,56.90122851,803.9757588,9974.682928,32.51266015,145.790864,463.0948066,243.7446914,89.30713866,1584.449601,1046.646745
2/12/2017,1465.26039,32.09134669,95.87115961,240.2138342,240.2138342,56.11514401,815.109431,9401.463579,39.95737456,119.688226,368.32685,207.5465323,55.87681031,1624.629184,1173.876276
2/19/2017,1370.868269,41.46894096,116.3640296,241.0684005,241.0684005,33.21182419,647.3394304,9109.55253,49.85577348,66.40351216,332.9366876,215.5724097,107.835694,1943.570034,854.3886595
2/26/2017,1479.680739,15.29822509,100.7411218,341.0594744,341.0594744,38.58598404,511.1556713,8726.420139,46.71557832,54.15117179,263.9397189,131.5858228,77.31686539,1465.042733,820.2069928
3/5/2017,1312.002553,16.05568311,72.7304011,178.1366899,178.1366899,16.19379011,404.8180218,9588.833198,65.42940751,113.2324039,227.016183,145.63254,97.22655254,1394.75285,712.1442314
3/12/2017,1477.096174,16.58781207,91.18074088,174.6574893,174.6574893,41.51156717,480.1493259,9745.682763,41.32293964,58.07669078,215.9711112,116.1467829,66.05791501,1235.710218,612.7407686
3/19/2017,1767.420212,33.37433722,84.40636978,252.5647644,252.5647644,58.90207805,454.4616758,9386.893278,16.96916915,101.5695296,261.2482387,126.1225753,109.2623176,1387.722807,688.9458173
3/26/2017,1270.926205,41.91132154,75.99139206,235.7915716,235.7915716,33.65098484,479.6285683,9069.718917,25.31560679,50.36791082,109.5498601,159.5435289,84.39835593,1608.923571,689.0435358
4/2/2017,1860.930983,83.35824236,117.397908,234.7820196,234.7820196,50.06447193,460.2392738,8962.834114,50.41443382,33.58961436,159.2572886,117.3248215,58.53433379,1533.784257,778.0412844
4/9/2017,1320.210631,52.36102248,104.2414265,234.9503678,234.9503678,52.15942861,511.3951967,8584.088497,34.73181945,104.1805871,225.7297068,60.57873265,43.41599486,1492.898773,754.0688961
4/16/2017,1322.345314,26.37988591,149.8559304,185.4786301,185.4786301,26.37975759,343.2460717,7676.563139,17.69524628,79.4162673,132.2932942,52.89590997,52.89397818,1225.043184,501.2126315
4/23/2017,1213.496011,16.85530321,42.1913257,75.89815887,75.89815887,16.85268433,185.3239628,8075.744611,41.98930361,100.8986222,92.85168836,50.51934945,84.33012983,1095.312456,302.7624036
4/30/2017,1200.285263,50.68421467,51.17238735,59.9826051,59.9826051,17.35707423,231.1912942,7863.027943,16.89473822,51.26961513,102.8976435,59.86170271,42.71203363,1216.237225,393.4272908
5/7/2017,1118.512231,17.65268219,61.08291313,17.33130166,17.33130166,17.46526014,235.9654504,8427.076384,17.28482319,69.74305147,113.557845,34.90378004,61.09197904,1162.226488,200.6021772
5/14/2017,1146.839943,0,38.08111718,38.24663113,38.24663113,56.86738997,143.4689832,8895.530839,18.95014833,47.78277613,95.78854059,38.08617927,47.70482309,1280.125769,228.9281582
5/21/2017,1228.156937,18.8097918,0,28.17569818,28.17569818,28.03827208,159.2007649,8036.471829,37.66504534,18.72300102,112.6912177,46.82509839,103.1195998,1357.936753,140.4972827
5/28/2017,1293.291335,0,28.81241994,28.74003013,28.74003013,67.02171994,153.1626203,8166.472455,19.17970201,57.4777773,114.9713218,57.19782361,28.70830845,1045.255625,114.644082
6/4/2017,1220.203294,0,55.39547122,46.08436091,46.08436091,27.63946498,119.9149679,8678.605433,0,55.37007375,74.03114021,27.710919,55.46060083,914.4622795,119.9127031
6/11/2017,1092.250036,18.80316411,37.31136132,28.2833601,28.2833601,18.80024258,149.8076393,8843.508688,37.9480195,56.38362996,94.69839004,28.13938061,37.81094056,940.8880693,141.0341357
6/18/2017,899.8252601,0,64.95149813,18.56284934,18.56284934,18.63300052,64.70112507,7683.832391,0,46.38235829,102.0535906,18.52382031,64.84437163,935.7580531,166.5198509
6/25/2017,961.2633035,19.50846793,29.65521159,29.80041795,29.80041795,19.51428268,178.2243837,6774.660201,20.1448977,49.34190373,99.08633615,29.64871572,40.1442573,831.2690367,138.6666262
7/2/2017,999.4767899,20.91226332,21.15906663,20.96849587,20.96849587,20.91849648,105.1307276,7206.77892,0,62.75548944,73.56973884,41.94455233,63.32433488,925.7195931,83.958214
7/9/2017,874.2917784,0,48.26395988,0,0,38.34428019,57.44779366,7116.380672,0,19.22410203,105.9493892,19.18929893,57.7576765,932.2074114,96.0470451
7/16/2017,1005.695132,0,29.18767905,19.41503738,19.41503738,58.10622661,126.631343,7477.927724,19.65971244,38.98088189,68.37242054,48.66271184,48.7794644,945.7076487,117.0049177
7/23/2017,921.7203125,19.14751226,19.23536336,57.73365343,57.73365343,38.27192739,105.2225262,7127.028374,19.23536336,38.36452411,67.29132971,38.26636415,57.56321218,787.0666063,124.7013468
7/30/2017,815.3409493,0,18.39507951,18.55907961,18.55907961,18.53424697,148.4461127,7748.350483,0,36.9545204,65.08195834,55.25109204,27.83838247,1000.522804,101.9376937
8/6/2017,984.6111404,18.6819888,18.79357058,18.76015517,18.76015517,37.47010698,121.7960781,7008.205719,28.18872907,18.72937399,74.87145184,103.0031707,37.49662427,815.174308,140.253646
8/13/2017,1000.069006,0,0,37.79778755,37.79778755,38.49090607,142.8786246,6679.508818,0,66.80887737,47.64265755,161.670874,38.0197722,848.4534379,66.71068129
8/20/2017,952.7631062,38.29402153,47.92842634,28.87357169,28.87357169,38.46421396,105.4713849,6815.609845,0,47.80728233,86.6118188,115.147654,76.78948435,931.5477118,115.1817666
8/27/2017,782.6134501,0,28.6835907,19.09721249,19.09721249,19.06717212,76.62905391,7311.478381,0,28.5575092,95.52442822,266.8268232,57.31432924,936.2277715,124.069102
9/3/2017,787.0439993,0,35.84641578,53.75026483,53.75026483,26.84848735,80.31252282,7201.022623,17.84670235,53.67531271,89.60142502,356.4111324,89.17470229,903.2454339,187.3389588
9/10/2017,1020.931046,17.60451679,44.0667185,88.29614606,88.29614606,35.20356301,123.1755394,8230.859458,0,34.76042061,96.89955085,606.3908653,70.33463334,1002.592746,290.5644159
9/17/2017,1097.162588,17.26661405,34.39635268,86.06985189,86.06985189,17.02706263,240.4103275,7780.514049,17.15462336,34.1776614,103.1413125,873.6927421,51.49306768,1183.300215,393.6345544
9/24/2017,1206.168436,0,52.8003462,87.9355113,87.9355113,17.57176963,289.704264,7807.639581,0,35.1223557,96.79597487,1230.799918,44.02827995,1294.150161,413.4735341
10/1/2017,923.9176538,0,61.85941417,105.6102881,105.6102881,34.84204063,307.4122875,8596.546715,34.83165861,43.9185267,79.31061921,1679.031475,87.95966797,1373.870888,527.2041577
10/8/2017,968.2671266,0,35.20024786,132.2842104,132.2842104,35.28979284,219.8500264,7930.625875,17.54435381,96.80507249,70.64236938,1388.392034,87.91415884,1320.400379,457.3175968
10/15/2017,904.0002342,0,87.98176026,78.86715649,78.86715649,17.52145063,377.4556812,8292.96222,35.00443458,52.73340143,52.71863894,1728.213486,52.71833753,1289.990757,630.695194
10/22/2017,947.9665785,34.22570063,34.34999388,95.24590372,95.24590372,17.22656495,292.6631764,7374.915821,17.11285032,51.56854049,155.1686984,1540.994364,43.17022745,1405.16786,628.6010714
10/29/2017,1132.030066,17.67411247,26.56681434,79.58519522,79.58519522,44.33338144,362.4125485,8562.235247,17.49491417,52.99802798,115.2166656,1280.674674,97.15502466,1122.47957,388.6300695
11/5/2017,1278.2025,26.29306821,104.9519838,131.4715203,131.4715203,61.36584698,375.2426032,11404.55262,26.19355943,96.01646111,96.20135396,1301.990527,69.95587295,1286.200153,532.3435978
11/12/2017,1453.548953,51.80858804,68.88651996,34.34715971,34.34715971,68.76756199,283.4304978,10926.00397,17.11930512,68.74671522,171.8386803,859.4408309,77.39692073,1419.539127,481.260383
11/19/2017,1349.446248,55.2715712,92.11928533,102.3575452,102.3575452,55.781042,324.8030133,9719.414292,18.60787745,93.24941731,167.399184,575.6511496,55.62954095,1395.044393,436.7382758
11/26/2017,1420.093075,33.6611497,42.15617289,126.6561563,126.6561563,67.93476349,388.0504926,10787.19555,33.54714804,93.05188403,194.430371,632.0971096,151.9955975,1529.291602,421.5116683
12/3/2017,1209.740047,68.70773105,51.44980534,154.3672533,154.3672533,34.19429454,566.5919932,10617.69557,34.57346166,128.5180181,240.2281155,985.3929234,51.37149575,1836.3071,976.2846335
12/10/2017,1288.812872,25.98717234,77.96151701,112.6330015,112.6330015,51.75636675,552.677061,12492.70826,17.29900586,86.4986537,199.2474333,638.9403857,112.3907307,1807.649706,785.4968068
12/17/2017,1333.203017,37.03254545,92.95275303,167.455777,167.455777,65.08444923,678.9384434,12077.84131,18.51627273,92.82096771,335.615552,492.6216129,83.71079888,1684.674485,706.2499063
12/24/2017,1414.232031,42.50218905,159.1824864,383.4836854,383.4836854,53.18159105,944.0639931,21449.28114,21.26401592,180.8459311,510.5330266,402.8647246,159.3126107,1519.584636,1082.976773
12/31/2017,1237.219522,46.66201627,139.2835259,363.5150281,363.5150281,65.23386376,929.0873751,23386.35837,27.84459389,167.1712071,465.4130666,352.9712211,157.9134719,2149.478881,1160.268987
1/7/2018,1284.732565,70.98337637,212.7269945,487.3520659,487.3520659,79.87374697,2001.424519,13637.5835,97.44681941,88.45094882,470.1203942,929.6700826,106.2893044,1665.874636,2114.741507
1/14/2018,1203.653618,270.1617977,305.2765535,768.7675361,768.7675361,26.21819676,2823.580151,10950.55063,78.62178624,156.9556279,480.1768314,1524.557167,87.08125193,1640.342785,3240.65982
1/21/2018,1548.996834,294.4936667,345.5860193,952.1191671,952.1191671,52.04824073,3508.3168,10374.21158,60.35436053,163.9860809,519.2328451,1744.151573,95.15454213,1823.199041,4263.978134
1/28/2018,1574.587376,321.7264927,558.2549967,1144.858563,1144.858563,59.20670914,3817.5876,10970.43689,67.65615626,118.3826239,610.7652833,1962.061511,101.5802462,1515.89931,5293.541757
2/4/2018,1728.225158,287.798115,608.7086227,1304.285756,1304.285756,42.26719791,3991.518939,10378.13607,110.0489167,152.2938529,550.2798727,1098.894757,84.83736809,1624.780123,4741.580282
2/11/2018,1702.923001,350.6241974,607.6775042,1104.525882,1104.525882,85.79156053,3648.851085,10071.16922,102.7864263,205.0230542,487.5300642,1178.523734,68.25372242,1471.531586,4662.997099
2/18/2018,1461.763291,199.7467112,426.658888,699.9337075,699.9337075,63.45649998,2376.252892,8955.73413,27.30181315,109.0416584,354.1892329,516.7152075,63.3982502,1687.430327,2909.575556
2/25/2018,1404.754841,66.80524159,158.8599453,351.4551776,351.4551776,33.5478664,1229.655183,8280.006144,16.73781425,125.5388671,251.0602586,242.3625376,100.0777145,1521.963902,1487.070446
3/4/2018,1265.290711,51.962983,147.3920534,234.2352852,234.2352852,34.73785246,727.2518973,8421.302214,17.33152609,155.7214815,207.7070415,129.8967104,95.28401801,1420.638404,959.7695971
3/11/2018,1201.021671,61.40348826,192.8089504,201.6852646,201.6852646,17.71853613,753.4671256,8740.946183,34.65798535,87.69739498,254.3389882,131.155983,43.84809288,1219.246587,831.3959308
3/18/2018,1134.42056,34.45553126,102.1840547,179.2873275,179.2873275,42.60973522,682.7480424,9244.042674,25.6742329,102.3520377,204.7321523,110.865846,101.6494233,1535.927804,681.8917642
3/25/2018,1268.271013,43.43772234,87.09398618,217.2974942,217.2974942,26.07652517,685.1915367,8330.499349,34.84739441,87.01491858,295.5099967,69.2763103,52.12091205,1319.444843,736.5771837
4/1/2018,1346.61036,42.89933794,94.52962643,154.2611921,154.2611921,17.02795281,530.6404717,8828.448877,51.44571745,119.9120613,213.9777613,77.23020484,34.27036821,1482.837931,675.8962165
4/8/2018,1567.755513,51.54842195,129.3047555,172.4762112,172.4762112,51.46648345,447.6901253,8991.202703,34.4588375,94.51765411,224.1107996,94.58094178,60.36040446,1644.225225,696.8162666
4/15/2018,1215.685875,45.2238514,63.839352,108.9905627,108.9905627,36.31064547,372.6559774,8655.725895,27.31646718,81.42259568,172.7471032,54.3481856,190.3703161,1353.454924,462.2901243
4/22/2018,1232.508499,0,124.5972855,77.65403882,77.65403882,41.5073788,484.6251818,9277.759031,0,48.391653,262.1078125,41.40748137,77.51950301,1474.300698,358.0675542
